-- MySQL dump 10.15  Distrib 10.0.38-MariaDB, for debian-linux-gnu (x86_64)
--
-- Host: localhost    Database: mydb
-- ------------------------------------------------------
-- Server version	10.0.38-MariaDB-0ubuntu0.16.04.1

/*!40101 SET @OLD_CHARACTER_SET_CLIENT=@@CHARACTER_SET_CLIENT */;
/*!40101 SET @OLD_CHARACTER_SET_RESULTS=@@CHARACTER_SET_RESULTS */;
/*!40101 SET @OLD_COLLATION_CONNECTION=@@COLLATION_CONNECTION */;
/*!40101 SET NAMES utf8mb4 */;
/*!40103 SET @OLD_TIME_ZONE=@@TIME_ZONE */;
/*!40103 SET TIME_ZONE='+00:00' */;
/*!40014 SET @OLD_UNIQUE_CHECKS=@@UNIQUE_CHECKS, UNIQUE_CHECKS=0 */;
/*!40014 SET @OLD_FOREIGN_KEY_CHECKS=@@FOREIGN_KEY_CHECKS, FOREIGN_KEY_CHECKS=0 */;
/*!40101 SET @OLD_SQL_MODE=@@SQL_MODE, SQL_MODE='NO_AUTO_VALUE_ON_ZERO' */;
/*!40111 SET @OLD_SQL_NOTES=@@SQL_NOTES, SQL_NOTES=0 */;

--
-- Table structure for table `wc_group`
--

DROP TABLE IF EXISTS `wc_group`;
/*!40101 SET @saved_cs_client     = @@character_set_client */;
/*!40101 SET character_set_client = utf8 */;
CREATE TABLE `wc_group` (
  `id` int(11) NOT NULL,
  `name` varchar(32) NOT NULL,
  `ordering` int(11) NOT NULL,
  PRIMARY KEY (`id`)
) ENGINE=InnoDB DEFAULT CHARSET=utf8mb4;
/*!40101 SET character_set_client = @saved_cs_client */;

--
-- Dumping data for table `wc_group`
--

LOCK TABLES `wc_group` WRITE;
/*!40000 ALTER TABLE `wc_group` DISABLE KEYS */;
INSERT INTO `wc_group` VALUES (0,'-',0),(1,'グループ 1',1),(2,'グループ 2',2),(3,'グループ 3',3),(4,'グループ 4',4),(5,'グループ 1',1),(6,'グループ 2',2),(7,'グループ 3',3),(8,'グループ 4',4),(9,'グループ 1',1),(10,'グループ 2',2),(11,'グループ 3',3),(12,'グループ 4',4),(13,'グループ 1',1),(14,'グループ 2',2),(15,'グループ 3',3),(16,'グループ 4',4),(17,'グループ 1',1),(18,'グループ 2',2),(19,'グループ 3',3),(20,'グループ 4',4),(21,'グループ 1',1),(22,'グループ 2',2),(23,'グループ 3',3),(24,'グループ 4',4),(25,'グループ 1',1),(26,'グループ 2',2),(27,'グループ 3',3),(28,'グループ 4',4),(29,'グループ 1',1),(30,'グループ 2',2),(31,'グループ 3',3),(32,'グループ 4',4),(33,'グループ I',9),(34,'グループ J',10),(35,'グループ 1',1),(36,'グループ 2',2),(37,'グループ 3',3),(38,'グループ 4',4),(39,'グループ I',9),(40,'グループ J',10),(41,'グループ 1',1),(42,'グループ 2',2),(43,'グループ 3',3),(44,'グループ 4',4),(45,'グループ 5',5),(46,'グループ 6',6),(47,'グループ I',9),(48,'グループ J',10),(49,'グループ K',11),(50,'グループ L',12),(51,'グループ A',1),(52,'グループ B',2),(53,'グループ C',3),(54,'グループ D',4),(55,'グループ E',5),(56,'グループ F',6),(57,'グループ A',1),(58,'グループ B',2),(59,'グループ C',3),(60,'グループ D',4),(61,'グループ E',5),(62,'グループ F',6),(63,'グループ A',1),(64,'グループ B',2),(65,'グループ C',3),(66,'グループ D',4),(67,'グループ E',5),(68,'グループ F',6),(69,'グループ A',1),(70,'グループ B',2),(71,'グループ C',3),(72,'グループ D',4),(73,'グループ E',5),(74,'グループ F',6),(75,'グループ G',7),(76,'グループ H',8),(77,'グループ A',1),(78,'グループ B',2),(79,'グループ C',3),(80,'グループ D',4),(81,'グループ E',5),(82,'グループ F',6),(83,'グループ G',7),(84,'グループ H',8),(85,'グループ A',1),(86,'グループ B',2),(87,'グループ C',3),(88,'グループ D',4),(89,'グループ E',5),(90,'グループ F',6),(91,'グループ G',7),(92,'グループ H',8),(93,'グループ A',1),(94,'グループ B',2),(95,'グループ C',3),(96,'グループ D',4),(97,'グループ E',5),(98,'グループ F',6),(99,'グループ G',7),(100,'グループ H',8),(101,'グループ A',1),(102,'グループ B',2),(103,'グループ C',3),(104,'グループ D',4),(105,'グループ E',5),(106,'グループ F',6),(107,'グループ G',7),(108,'グループ H',8);
/*!40000 ALTER TABLE `wc_group` ENABLE KEYS */;
UNLOCK TABLES;

--
-- Table structure for table `wc_match`
--

DROP TABLE IF EXISTS `wc_match`;
/*!40101 SET @saved_cs_client     = @@character_set_client */;
/*!40101 SET character_set_client = utf8 */;
CREATE TABLE `wc_match` (
  `id` int(11) NOT NULL,
  `round_id` int(11) NOT NULL,
  `group_id` int(11) DEFAULT NULL,
  `start_date` timestamp(6) NOT NULL DEFAULT CURRENT_TIMESTAMP(6) ON UPDATE CURRENT_TIMESTAMP(6),
  `ordering` int(11) NOT NULL,
  `knockout` int(11) NOT NULL,
  PRIMARY KEY (`id`),
  KEY `FK_wc_match_0` (`round_id`),
  KEY `FK_wc_match_1` (`group_id`),
  CONSTRAINT `FK_wc_match_0` FOREIGN KEY (`round_id`) REFERENCES `wc_round` (`id`),
  CONSTRAINT `FK_wc_match_1` FOREIGN KEY (`group_id`) REFERENCES `wc_group` (`id`)
) ENGINE=InnoDB DEFAULT CHARSET=utf8mb4;
/*!40101 SET character_set_client = @saved_cs_client */;

--
-- Dumping data for table `wc_match`
--

LOCK TABLES `wc_match` WRITE;
/*!40000 ALTER TABLE `wc_match` DISABLE KEYS */;
INSERT INTO `wc_match` VALUES (1,1,1,'0000-00-00 00:00:00.000000',1,0),(2,3,1,'0000-00-00 00:00:00.000000',5,0),(3,4,1,'0000-00-00 00:00:00.000000',6,0),(4,7,1,'0000-00-00 00:00:00.000000',10,0),(5,7,1,'0000-00-00 00:00:00.000000',11,0),(6,10,1,'0000-00-00 00:00:00.000000',15,0),(7,2,2,'0000-00-00 00:00:00.000000',3,0),(8,5,2,'0000-00-00 00:00:00.000000',7,0),(9,8,2,'0000-00-00 00:00:00.000000',12,0),(10,2,3,'0000-00-00 00:00:00.000000',4,0),(11,6,3,'0000-00-00 00:00:00.000000',9,0),(12,9,3,'0000-00-00 00:00:00.000000',14,0),(13,1,4,'0000-00-00 00:00:00.000000',2,0),(14,5,4,'0000-00-00 00:00:00.000000',8,0),(15,8,4,'0000-00-00 00:00:00.000000',13,0),(16,11,0,'0000-00-00 00:00:00.000000',16,1),(17,11,0,'0000-00-00 00:00:00.000000',17,1),(18,12,0,'0000-00-00 00:00:00.000000',18,1),(19,13,0,'0000-00-00 00:00:00.000000',1,0),(20,13,0,'0000-00-00 00:00:00.000000',2,0),(21,13,0,'0000-00-00 00:00:00.000000',3,0),(22,13,0,'0000-00-00 00:00:00.000000',4,0),(23,13,0,'0000-00-00 00:00:00.000000',5,0),(24,13,0,'0000-00-00 00:00:00.000000',6,0),(25,13,0,'0000-00-00 00:00:00.000000',7,0),(26,13,0,'0000-00-00 00:00:00.000000',8,0),(27,14,0,'0000-00-00 00:00:00.000000',9,1),(28,14,0,'0000-00-00 00:00:00.000000',10,1),(29,14,0,'0000-00-00 00:00:00.000000',11,1),(30,14,0,'0000-00-00 00:00:00.000000',12,1),(31,15,0,'0000-00-00 00:00:00.000000',13,1),(32,16,0,'0000-00-00 00:00:00.000000',14,1),(33,16,0,'0000-00-00 00:00:00.000000',15,1),(34,17,0,'0000-00-00 00:00:00.000000',16,1),(35,18,0,'0000-00-00 00:00:00.000000',17,1),(36,19,0,'0000-00-00 00:00:00.000000',1,0),(37,19,0,'0000-00-00 00:00:00.000000',2,0),(38,19,0,'0000-00-00 00:00:00.000000',3,0),(39,19,0,'0000-00-00 00:00:00.000000',4,0),(40,19,0,'0000-00-00 00:00:00.000000',5,0),(41,19,0,'0000-00-00 00:00:00.000000',6,0),(42,19,0,'0000-00-00 00:00:00.000000',7,0),(43,20,0,'0000-00-00 00:00:00.000000',8,0),(44,20,0,'0000-00-00 00:00:00.000000',9,0),(45,21,0,'0000-00-00 00:00:00.000000',10,1),(46,21,0,'0000-00-00 00:00:00.000000',11,1),(47,21,0,'0000-00-00 00:00:00.000000',12,1),(48,21,0,'0000-00-00 00:00:00.000000',13,1),(49,22,0,'0000-00-00 00:00:00.000000',14,1),(50,23,0,'0000-00-00 00:00:00.000000',15,1),(51,23,0,'0000-00-00 00:00:00.000000',16,1),(52,24,0,'0000-00-00 00:00:00.000000',17,1),(53,25,0,'0000-00-00 00:00:00.000000',18,1),(54,26,5,'0000-00-00 00:00:00.000000',1,0),(55,27,5,'0000-00-00 00:00:00.000000',5,0),(56,28,5,'0000-00-00 00:00:00.000000',6,0),(57,28,5,'0000-00-00 00:00:00.000000',7,0),(58,29,5,'0000-00-00 00:00:00.000000',11,0),(59,30,5,'0000-00-00 00:00:00.000000',14,0),(60,27,6,'0000-00-00 00:00:00.000000',2,0),(61,27,6,'0000-00-00 00:00:00.000000',3,0),(62,31,6,'0000-00-00 00:00:00.000000',8,0),(63,31,6,'0000-00-00 00:00:00.000000',10,0),(64,30,6,'0000-00-00 00:00:00.000000',12,0),(65,30,6,'0000-00-00 00:00:00.000000',15,0),(66,27,7,'0000-00-00 00:00:00.000000',4,0),(67,31,7,'0000-00-00 00:00:00.000000',9,0),(68,30,7,'0000-00-00 00:00:00.000000',13,0),(69,30,8,'0000-00-00 00:00:00.000000',16,0),(70,32,0,'0000-00-00 00:00:00.000000',17,1),(71,32,0,'0000-00-00 00:00:00.000000',18,1),(72,32,0,'0000-00-00 00:00:00.000000',19,1),(73,32,0,'0000-00-00 00:00:00.000000',20,1),(74,32,0,'0000-00-00 00:00:00.000000',21,1),(75,32,0,'0000-00-00 00:00:00.000000',22,1),(76,33,9,'0000-00-00 00:00:00.000000',3,0),(77,33,9,'0000-00-00 00:00:00.000000',4,0),(78,34,9,'0000-00-00 00:00:00.000000',10,0),(79,34,9,'0000-00-00 00:00:00.000000',11,0),(80,35,10,'0000-00-00 00:00:00.000000',5,0),(81,35,10,'0000-00-00 00:00:00.000000',8,0),(82,36,10,'0000-00-00 00:00:00.000000',14,0),(83,36,10,'0000-00-00 00:00:00.000000',15,0),(84,37,0,'0000-00-00 00:00:00.000000',25,1),(85,33,11,'0000-00-00 00:00:00.000000',1,0),(86,33,11,'0000-00-00 00:00:00.000000',2,0),(87,34,11,'0000-00-00 00:00:00.000000',9,0),(88,34,11,'0000-00-00 00:00:00.000000',12,0),(89,35,12,'0000-00-00 00:00:00.000000',6,0),(90,35,12,'0000-00-00 00:00:00.000000',7,0),(91,36,12,'0000-00-00 00:00:00.000000',13,0),(92,36,12,'0000-00-00 00:00:00.000000',16,0),(93,38,0,'0000-00-00 00:00:00.000000',26,1),(94,39,0,'0000-00-00 00:00:00.000000',19,1),(95,39,0,'0000-00-00 00:00:00.000000',20,1),(96,39,0,'0000-00-00 00:00:00.000000',17,1),(97,39,0,'0000-00-00 00:00:00.000000',18,1),(98,40,0,'0000-00-00 00:00:00.000000',21,1),(99,40,0,'0000-00-00 00:00:00.000000',22,1),(100,41,0,'0000-00-00 00:00:00.000000',23,1),(101,42,0,'0000-00-00 00:00:00.000000',24,1),(102,43,13,'0000-00-00 00:00:00.000000',7,0),(103,43,13,'0000-00-00 00:00:00.000000',8,0),(104,44,13,'0000-00-00 00:00:00.000000',15,0),(105,44,13,'0000-00-00 00:00:00.000000',14,0),(106,45,13,'0000-00-00 00:00:00.000000',23,0),(107,45,13,'0000-00-00 00:00:00.000000',24,0),(108,46,0,'0000-00-00 00:00:00.000000',35,1),(109,43,14,'0000-00-00 00:00:00.000000',3,0),(110,43,14,'0000-00-00 00:00:00.000000',4,0),(111,44,14,'0000-00-00 00:00:00.000000',11,0),(112,44,14,'0000-00-00 00:00:00.000000',10,0),(113,45,14,'0000-00-00 00:00:00.000000',20,0),(114,45,14,'0000-00-00 00:00:00.000000',19,0),(115,43,15,'0000-00-00 00:00:00.000000',1,0),(116,43,15,'0000-00-00 00:00:00.000000',2,0),(117,44,15,'0000-00-00 00:00:00.000000',9,0),(118,47,15,'0000-00-00 00:00:00.000000',16,0),(119,45,15,'0000-00-00 00:00:00.000000',17,0),(120,45,15,'0000-00-00 00:00:00.000000',18,0),(121,48,0,'0000-00-00 00:00:00.000000',33,1),(122,43,16,'0000-00-00 00:00:00.000000',6,0),(123,43,16,'0000-00-00 00:00:00.000000',5,0),(124,44,16,'0000-00-00 00:00:00.000000',12,0),(125,44,16,'0000-00-00 00:00:00.000000',13,0),(126,45,16,'0000-00-00 00:00:00.000000',22,0),(127,45,16,'0000-00-00 00:00:00.000000',21,0),(128,49,0,'0000-00-00 00:00:00.000000',34,1),(129,50,0,'0000-00-00 00:00:00.000000',26,1),(130,50,0,'0000-00-00 00:00:00.000000',25,1),(131,50,0,'0000-00-00 00:00:00.000000',27,1),(132,50,0,'0000-00-00 00:00:00.000000',28,1),(133,51,0,'0000-00-00 00:00:00.000000',29,1),(134,51,0,'0000-00-00 00:00:00.000000',30,1),(135,52,0,'0000-00-00 00:00:00.000000',31,1),(136,53,0,'0000-00-00 00:00:00.000000',32,1),(137,54,17,'0000-00-00 00:00:00.000000',1,0),(138,55,17,'0000-00-00 00:00:00.000000',5,0),(139,56,17,'0000-00-00 00:00:00.000000',9,0),(140,57,17,'0000-00-00 00:00:00.000000',13,0),(141,58,17,'0000-00-00 00:00:00.000000',17,0),(142,59,17,'0000-00-00 00:00:00.000000',21,0),(143,54,18,'0000-00-00 00:00:00.000000',2,0),(144,55,18,'0000-00-00 00:00:00.000000',6,0),(145,56,18,'0000-00-00 00:00:00.000000',10,0),(146,57,18,'0000-00-00 00:00:00.000000',14,0),(147,58,18,'0000-00-00 00:00:00.000000',18,0),(148,59,18,'0000-00-00 00:00:00.000000',22,0),(149,54,19,'0000-00-00 00:00:00.000000',3,0),(150,55,19,'0000-00-00 00:00:00.000000',7,0),(151,56,19,'0000-00-00 00:00:00.000000',11,0),(152,57,19,'0000-00-00 00:00:00.000000',15,0),(153,58,19,'0000-00-00 00:00:00.000000',19,0),(154,59,19,'0000-00-00 00:00:00.000000',23,0),(155,54,20,'0000-00-00 00:00:00.000000',4,0),(156,55,20,'0000-00-00 00:00:00.000000',8,0),(157,56,20,'0000-00-00 00:00:00.000000',12,0),(158,57,20,'0000-00-00 00:00:00.000000',16,0),(159,58,20,'0000-00-00 00:00:00.000000',20,0),(160,59,20,'0000-00-00 00:00:00.000000',24,0),(161,60,0,'0000-00-00 00:00:00.000000',25,1),(162,60,0,'0000-00-00 00:00:00.000000',26,1),(163,60,0,'0000-00-00 00:00:00.000000',27,1),(164,60,0,'0000-00-00 00:00:00.000000',28,1),(165,61,0,'0000-00-00 00:00:00.000000',29,1),(166,61,0,'0000-00-00 00:00:00.000000',30,1),(167,62,0,'0000-00-00 00:00:00.000000',31,1),(168,63,0,'0000-00-00 00:00:00.000000',32,1),(169,64,21,'0000-00-00 00:00:00.000000',1,0),(170,65,21,'0000-00-00 00:00:00.000000',5,0),(171,66,21,'0000-00-00 00:00:00.000000',9,0),(172,67,21,'0000-00-00 00:00:00.000000',13,0),(173,68,21,'0000-00-00 00:00:00.000000',17,0),(174,69,21,'0000-00-00 00:00:00.000000',21,0),(175,70,22,'0000-00-00 00:00:00.000000',2,0),(176,65,22,'0000-00-00 00:00:00.000000',6,0),(177,66,22,'0000-00-00 00:00:00.000000',10,0),(178,67,22,'0000-00-00 00:00:00.000000',14,0),(179,68,22,'0000-00-00 00:00:00.000000',18,0),(180,69,22,'0000-00-00 00:00:00.000000',22,0),(181,70,23,'0000-00-00 00:00:00.000000',3,0),(182,65,23,'0000-00-00 00:00:00.000000',7,0),(183,66,23,'0000-00-00 00:00:00.000000',11,0),(184,67,23,'0000-00-00 00:00:00.000000',15,0),(185,68,23,'0000-00-00 00:00:00.000000',19,0),(186,69,23,'0000-00-00 00:00:00.000000',23,0),(187,70,24,'0000-00-00 00:00:00.000000',4,0),(188,65,24,'0000-00-00 00:00:00.000000',8,0),(189,66,24,'0000-00-00 00:00:00.000000',12,0),(190,67,24,'0000-00-00 00:00:00.000000',16,0),(191,68,24,'0000-00-00 00:00:00.000000',20,0),(192,69,24,'0000-00-00 00:00:00.000000',24,0),(193,71,0,'0000-00-00 00:00:00.000000',25,1),(194,71,0,'0000-00-00 00:00:00.000000',26,1),(195,71,0,'0000-00-00 00:00:00.000000',27,1),(196,71,0,'0000-00-00 00:00:00.000000',28,1),(197,72,0,'0000-00-00 00:00:00.000000',29,1),(198,72,0,'0000-00-00 00:00:00.000000',30,1),(199,73,0,'0000-00-00 00:00:00.000000',31,1),(200,74,0,'0000-00-00 00:00:00.000000',32,1),(201,75,25,'1970-05-31 03:00:00.000000',1,0),(202,76,25,'1970-06-03 03:00:00.000000',5,0),(203,77,25,'1970-06-06 03:00:00.000000',9,0),(204,78,25,'1970-06-07 03:00:00.000000',13,0),(205,79,25,'1970-06-10 03:00:00.000000',17,0),(206,80,25,'1970-06-11 03:00:00.000000',21,0),(207,81,26,'1970-06-02 03:00:00.000000',2,0),(208,76,26,'1970-06-03 03:00:00.000000',6,0),(209,77,26,'1970-06-06 03:00:00.000000',10,0),(210,78,26,'1970-06-07 03:00:00.000000',14,0),(211,79,26,'1970-06-10 03:00:00.000000',18,0),(212,80,26,'1970-06-11 03:00:00.000000',22,0),(213,81,27,'1970-06-02 03:00:00.000000',3,0),(214,76,27,'1970-06-03 03:00:00.000000',7,0),(215,77,27,'1970-06-06 03:00:00.000000',11,0),(216,78,27,'1970-06-07 03:00:00.000000',15,0),(217,79,27,'1970-06-10 03:00:00.000000',19,0),(218,80,27,'1970-06-11 03:00:00.000000',23,0),(219,81,28,'1970-06-02 03:00:00.000000',4,0),(220,76,28,'1970-06-03 03:00:00.000000',8,0),(221,77,28,'1970-06-06 03:00:00.000000',12,0),(222,78,28,'1970-06-07 03:00:00.000000',16,0),(223,79,28,'1970-06-10 03:00:00.000000',20,0),(224,80,28,'1970-06-11 03:00:00.000000',24,0),(225,82,0,'1970-06-14 03:00:00.000000',25,1),(226,82,0,'1970-06-14 03:00:00.000000',26,1),(227,82,0,'1970-06-14 03:00:00.000000',27,1),(228,82,0,'1970-06-14 03:00:00.000000',28,1),(229,83,0,'1970-06-17 03:00:00.000000',29,1),(230,83,0,'1970-06-17 03:00:00.000000',30,1),(231,84,0,'1970-06-20 03:00:00.000000',31,1),(232,85,0,'1970-06-21 03:00:00.000000',32,1),(233,86,29,'1974-06-14 03:00:00.000000',1,0),(234,86,29,'1974-06-14 03:00:00.000000',2,0),(235,87,29,'1974-06-18 03:00:00.000000',9,0),(236,87,29,'1974-06-18 03:00:00.000000',10,0),(237,88,29,'1974-06-22 03:00:00.000000',17,0),(238,88,29,'1974-06-22 03:00:00.000000',18,0),(239,89,30,'1974-06-13 03:00:00.000000',3,0),(240,86,30,'1974-06-14 03:00:00.000000',4,0),(241,87,30,'1974-06-18 03:00:00.000000',11,0),(242,87,30,'1974-06-18 03:00:00.000000',12,0),(243,88,30,'1974-06-22 03:00:00.000000',19,0),(244,88,30,'1974-06-22 03:00:00.000000',20,0),(245,90,31,'1974-06-15 03:00:00.000000',5,0),(246,90,31,'1974-06-15 03:00:00.000000',6,0),(247,91,31,'1974-06-19 03:00:00.000000',13,0),(248,91,31,'1974-06-19 03:00:00.000000',14,0),(249,92,31,'1974-06-23 03:00:00.000000',21,0),(250,92,31,'1974-06-23 03:00:00.000000',22,0),(251,90,32,'1974-06-15 03:00:00.000000',7,0),(252,90,32,'1974-06-15 03:00:00.000000',8,0),(253,91,32,'1974-06-19 03:00:00.000000',15,0),(254,91,32,'1974-06-19 03:00:00.000000',16,0),(255,92,32,'1974-06-23 03:00:00.000000',23,0),(256,92,32,'1974-06-23 03:00:00.000000',24,0),(257,93,33,'1974-06-26 03:00:00.000000',25,0),(258,93,33,'1974-06-26 03:00:00.000000',26,0),(259,94,33,'1974-06-30 03:00:00.000000',29,0),(260,94,33,'1974-06-30 03:00:00.000000',30,0),(261,95,33,'1974-07-03 03:00:00.000000',33,0),(262,95,33,'1974-07-03 03:00:00.000000',34,0),(263,93,34,'1974-06-26 03:00:00.000000',27,0),(264,93,34,'1974-06-26 03:00:00.000000',28,0),(265,94,34,'1974-06-30 03:00:00.000000',31,0),(266,94,34,'1974-06-30 03:00:00.000000',32,0),(267,95,34,'1974-07-03 03:00:00.000000',35,0),(268,95,34,'1974-07-03 03:00:00.000000',36,0),(269,96,0,'1974-07-06 03:00:00.000000',37,1),(270,97,0,'1974-07-07 03:00:00.000000',38,1),(271,98,35,'1978-06-02 03:00:00.000000',2,0),(272,98,35,'1978-06-02 03:00:00.000000',3,0),(273,99,35,'1978-06-06 03:00:00.000000',9,0),(274,99,35,'1978-06-06 03:00:00.000000',10,0),(275,100,35,'1978-06-10 03:00:00.000000',17,0),(276,100,35,'1978-06-10 03:00:00.000000',18,0),(277,101,36,'1978-06-01 03:00:00.000000',1,0),(278,98,36,'1978-06-02 03:00:00.000000',4,0),(279,99,36,'1978-06-06 03:00:00.000000',11,0),(280,99,36,'1978-06-06 03:00:00.000000',12,0),(281,100,36,'1978-06-10 03:00:00.000000',19,0),(282,100,36,'1978-06-10 03:00:00.000000',20,0),(283,102,37,'1978-06-03 03:00:00.000000',5,0),(284,102,37,'1978-06-03 03:00:00.000000',6,0),(285,103,37,'1978-06-07 03:00:00.000000',13,0),(286,103,37,'1978-06-07 03:00:00.000000',14,0),(287,104,37,'1978-06-11 03:00:00.000000',21,0),(288,104,37,'1978-06-11 03:00:00.000000',22,0),(289,102,38,'1978-06-03 03:00:00.000000',7,0),(290,102,38,'1978-06-03 03:00:00.000000',8,0),(291,103,38,'1978-06-07 03:00:00.000000',15,0),(292,103,38,'1978-06-07 03:00:00.000000',16,0),(293,104,38,'1978-06-11 03:00:00.000000',23,0),(294,104,38,'1978-06-11 03:00:00.000000',24,0),(295,105,39,'1978-06-14 03:00:00.000000',25,0),(296,105,39,'1978-06-14 03:00:00.000000',27,0),(297,106,39,'1978-06-18 03:00:00.000000',29,0),(298,106,39,'1978-06-18 03:00:00.000000',31,0),(299,107,39,'1978-06-21 03:00:00.000000',33,0),(300,107,39,'1978-06-21 03:00:00.000000',35,0),(301,105,40,'1978-06-14 03:00:00.000000',26,0),(302,105,40,'1978-06-14 03:00:00.000000',28,0),(303,106,40,'1978-06-18 03:00:00.000000',30,0),(304,106,40,'1978-06-18 03:00:00.000000',32,0),(305,107,40,'1978-06-21 03:00:00.000000',34,0),(306,107,40,'1978-06-21 03:00:00.000000',36,0),(307,108,0,'1978-06-24 03:00:00.000000',37,1),(308,109,0,'1978-06-25 03:00:00.000000',38,1),(309,110,41,'1982-06-14 03:00:00.000000',2,0),(310,111,41,'1982-06-15 03:00:00.000000',4,0),(311,112,41,'1982-06-18 03:00:00.000000',13,0),(312,113,41,'1982-06-19 03:00:00.000000',16,0),(313,114,41,'1982-06-22 03:00:00.000000',25,0),(314,115,41,'1982-06-23 03:00:00.000000',28,0),(315,116,42,'1982-06-16 03:00:00.000000',7,0),(316,117,42,'1982-06-17 03:00:00.000000',10,0),(317,118,42,'1982-06-20 03:00:00.000000',19,0),(318,119,42,'1982-06-21 03:00:00.000000',22,0),(319,120,42,'1982-06-24 03:00:00.000000',31,0),(320,121,42,'1982-06-25 03:00:00.000000',34,0),(321,122,43,'1982-06-13 03:00:00.000000',1,0),(322,111,43,'1982-06-15 03:00:00.000000',5,0),(323,112,43,'1982-06-18 03:00:00.000000',14,0),(324,113,43,'1982-06-19 03:00:00.000000',17,0),(325,114,43,'1982-06-22 03:00:00.000000',26,0),(326,115,43,'1982-06-23 03:00:00.000000',29,0),(327,116,44,'1982-06-16 03:00:00.000000',8,0),(328,117,44,'1982-06-17 03:00:00.000000',11,0),(329,118,44,'1982-06-20 03:00:00.000000',20,0),(330,119,44,'1982-06-21 03:00:00.000000',23,0),(331,120,44,'1982-06-24 03:00:00.000000',32,0),(332,121,44,'1982-06-25 03:00:00.000000',35,0),(333,116,45,'1982-06-16 03:00:00.000000',9,0),(334,117,45,'1982-06-17 03:00:00.000000',12,0),(335,118,45,'1982-06-20 03:00:00.000000',21,0),(336,119,45,'1982-06-21 03:00:00.000000',24,0),(337,120,45,'1982-06-24 03:00:00.000000',33,0),(338,121,45,'1982-06-25 03:00:00.000000',36,0),(339,110,46,'1982-06-14 03:00:00.000000',3,0),(340,111,46,'1982-06-15 03:00:00.000000',6,0),(341,112,46,'1982-06-18 03:00:00.000000',15,0),(342,113,46,'1982-06-19 03:00:00.000000',18,0),(343,114,46,'1982-06-22 03:00:00.000000',27,0),(344,115,46,'1982-06-23 03:00:00.000000',30,0),(345,123,47,'1982-06-28 03:00:00.000000',38,0),(346,124,47,'1982-07-01 03:00:00.000000',42,0),(347,125,47,'1982-07-04 03:00:00.000000',46,0),(348,126,48,'1982-06-29 03:00:00.000000',40,0),(349,127,48,'1982-07-02 03:00:00.000000',44,0),(350,128,48,'1982-07-05 03:00:00.000000',48,0),(351,126,49,'1982-06-29 03:00:00.000000',39,0),(352,127,49,'1982-07-02 03:00:00.000000',43,0),(353,128,49,'1982-07-05 03:00:00.000000',47,0),(354,123,50,'1982-06-28 03:00:00.000000',37,0),(355,124,50,'1982-07-01 03:00:00.000000',41,0),(356,125,50,'1982-07-04 03:00:00.000000',45,0),(357,129,0,'1982-07-08 03:00:00.000000',49,1),(358,129,0,'1982-07-08 03:00:00.000000',50,1),(359,130,0,'1982-07-10 03:00:00.000000',51,1),(360,131,0,'1982-07-11 03:00:00.000000',52,1),(361,132,51,'1986-05-31 03:00:00.000000',1,0),(362,133,51,'1986-06-02 03:00:00.000000',4,0),(363,134,51,'1986-06-05 03:00:00.000000',13,0),(364,134,51,'1986-06-05 03:00:00.000000',14,0),(365,135,51,'1986-06-10 03:00:00.000000',27,0),(366,135,51,'1986-06-10 03:00:00.000000',28,0),(367,136,52,'1986-06-03 03:00:00.000000',7,0),(368,137,52,'1986-06-04 03:00:00.000000',10,0),(369,138,52,'1986-06-07 03:00:00.000000',19,0),(370,139,52,'1986-06-08 03:00:00.000000',22,0),(371,140,52,'1986-06-11 03:00:00.000000',29,0),(372,140,52,'1986-06-11 03:00:00.000000',30,0),(373,141,53,'1986-06-01 03:00:00.000000',2,0),(374,133,53,'1986-06-02 03:00:00.000000',5,0),(375,134,53,'1986-06-05 03:00:00.000000',15,0),(376,142,53,'1986-06-06 03:00:00.000000',16,0),(377,143,53,'1986-06-09 03:00:00.000000',25,0),(378,143,53,'1986-06-09 03:00:00.000000',26,0),(379,141,54,'1986-06-01 03:00:00.000000',3,0),(380,136,54,'1986-06-03 03:00:00.000000',8,0),(381,142,54,'1986-06-06 03:00:00.000000',17,0),(382,138,54,'1986-06-07 03:00:00.000000',20,0),(383,144,54,'1986-06-12 03:00:00.000000',33,0),(384,144,54,'1986-06-12 03:00:00.000000',34,0),(385,137,55,'1986-06-04 03:00:00.000000',11,0),(386,137,55,'1986-06-04 03:00:00.000000',12,0),(387,139,55,'1986-06-08 03:00:00.000000',23,0),(388,139,55,'1986-06-08 03:00:00.000000',24,0),(389,145,55,'1986-06-13 03:00:00.000000',35,0),(390,145,55,'1986-06-13 03:00:00.000000',36,0),(391,133,56,'1986-06-02 03:00:00.000000',6,0),(392,136,56,'1986-06-03 03:00:00.000000',9,0),(393,142,56,'1986-06-06 03:00:00.000000',18,0),(394,138,56,'1986-06-07 03:00:00.000000',21,0),(395,140,56,'1986-06-11 03:00:00.000000',31,0),(396,140,56,'1986-06-11 03:00:00.000000',32,0),(397,146,0,'1986-06-15 03:00:00.000000',37,1),(398,146,0,'1986-06-15 03:00:00.000000',38,1),(399,146,0,'1986-06-16 03:00:00.000000',39,1),(400,146,0,'1986-06-16 03:00:00.000000',40,1),(401,146,0,'1986-06-17 03:00:00.000000',41,1),(402,146,0,'1986-06-17 03:00:00.000000',42,1),(403,146,0,'1986-06-18 03:00:00.000000',43,1),(404,146,0,'1986-06-18 03:00:00.000000',44,1),(405,147,0,'1986-06-21 03:00:00.000000',45,1),(406,147,0,'1986-06-21 03:00:00.000000',46,1),(407,147,0,'1986-06-22 03:00:00.000000',47,1),(408,147,0,'1986-06-22 03:00:00.000000',48,1),(409,148,0,'1986-06-25 03:00:00.000000',49,1),(410,148,0,'1986-06-25 03:00:00.000000',50,1),(411,149,0,'1986-06-28 03:00:00.000000',51,1),(412,150,0,'1986-06-29 03:00:00.000000',52,1),(413,151,57,'1990-06-09 03:00:00.000000',3,0),(414,152,57,'1990-06-10 03:00:00.000000',5,0),(415,153,57,'1990-06-14 03:00:00.000000',15,0),(416,154,57,'1990-06-15 03:00:00.000000',17,0),(417,155,57,'1990-06-19 03:00:00.000000',29,0),(418,155,57,'1990-06-19 03:00:00.000000',30,0),(419,156,58,'1990-06-08 03:00:00.000000',1,0),(420,151,58,'1990-06-09 03:00:00.000000',2,0),(421,157,58,'1990-06-13 03:00:00.000000',13,0),(422,153,58,'1990-06-14 03:00:00.000000',16,0),(423,158,58,'1990-06-18 03:00:00.000000',25,0),(424,158,58,'1990-06-18 03:00:00.000000',26,0),(425,152,59,'1990-06-10 03:00:00.000000',6,0),(426,159,59,'1990-06-11 03:00:00.000000',8,0),(427,160,59,'1990-06-16 03:00:00.000000',19,0),(428,160,59,'1990-06-16 03:00:00.000000',20,0),(429,161,59,'1990-06-20 03:00:00.000000',31,0),(430,161,59,'1990-06-20 03:00:00.000000',32,0),(431,151,60,'1990-06-09 03:00:00.000000',4,0),(432,152,60,'1990-06-10 03:00:00.000000',7,0),(433,153,60,'1990-06-14 03:00:00.000000',14,0),(434,154,60,'1990-06-15 03:00:00.000000',18,0),(435,155,60,'1990-06-19 03:00:00.000000',27,0),(436,155,60,'1990-06-19 03:00:00.000000',28,0),(437,162,61,'1990-06-12 03:00:00.000000',10,0),(438,157,61,'1990-06-13 03:00:00.000000',12,0),(439,163,61,'1990-06-17 03:00:00.000000',23,0),(440,163,61,'1990-06-17 03:00:00.000000',24,0),(441,164,61,'1990-06-21 03:00:00.000000',33,0),(442,164,61,'1990-06-21 03:00:00.000000',34,0),(443,159,62,'1990-06-11 03:00:00.000000',9,0),(444,162,62,'1990-06-12 03:00:00.000000',11,0),(445,160,62,'1990-06-16 03:00:00.000000',21,0),(446,163,62,'1990-06-17 03:00:00.000000',22,0),(447,164,62,'1990-06-21 03:00:00.000000',35,0),(448,164,62,'1990-06-21 03:00:00.000000',36,0),(449,165,0,'1990-06-23 03:00:00.000000',37,1),(450,165,0,'1990-06-23 03:00:00.000000',38,1),(451,165,0,'1990-06-24 03:00:00.000000',39,1),(452,165,0,'1990-06-24 03:00:00.000000',40,1),(453,165,0,'1990-06-25 03:00:00.000000',41,1),(454,165,0,'1990-06-25 03:00:00.000000',42,1),(455,165,0,'1990-06-26 03:00:00.000000',43,1),(456,165,0,'1990-06-26 03:00:00.000000',44,1),(457,166,0,'1990-06-30 03:00:00.000000',45,1),(458,166,0,'1990-06-30 03:00:00.000000',46,1),(459,166,0,'1990-07-01 03:00:00.000000',47,1),(460,166,0,'1990-07-01 03:00:00.000000',48,1),(461,167,0,'1990-07-03 03:00:00.000000',49,1),(462,167,0,'1990-07-04 03:00:00.000000',50,1),(463,168,0,'1990-07-07 03:00:00.000000',51,1),(464,169,0,'1990-07-08 03:00:00.000000',52,1),(465,170,63,'1994-06-18 03:00:00.000000',3,0),(466,170,63,'1994-06-18 03:00:00.000000',5,0),(467,171,63,'1994-06-22 03:00:00.000000',14,0),(468,171,63,'1994-06-22 03:00:00.000000',15,0),(469,172,63,'1994-06-26 03:00:00.000000',25,0),(470,172,63,'1994-06-26 03:00:00.000000',26,0),(471,173,64,'1994-06-19 03:00:00.000000',8,0),(472,174,64,'1994-06-20 03:00:00.000000',9,0),(473,175,64,'1994-06-24 03:00:00.000000',19,0),(474,175,64,'1994-06-24 03:00:00.000000',20,0),(475,176,64,'1994-06-28 03:00:00.000000',31,0),(476,176,64,'1994-06-28 03:00:00.000000',32,0),(477,177,65,'1994-06-17 03:00:00.000000',1,0),(478,177,65,'1994-06-17 03:00:00.000000',2,0),(479,178,65,'1994-06-21 03:00:00.000000',12,0),(480,179,65,'1994-06-23 03:00:00.000000',17,0),(481,180,65,'1994-06-27 03:00:00.000000',27,0),(482,180,65,'1994-06-27 03:00:00.000000',28,0),(483,178,66,'1994-06-21 03:00:00.000000',11,0),(484,178,66,'1994-06-21 03:00:00.000000',13,0),(485,181,66,'1994-06-25 03:00:00.000000',23,0),(486,172,66,'1994-06-26 03:00:00.000000',24,0),(487,182,66,'1994-06-30 03:00:00.000000',35,0),(488,182,66,'1994-06-30 03:00:00.000000',36,0),(489,170,67,'1994-06-18 03:00:00.000000',4,0),(490,173,67,'1994-06-19 03:00:00.000000',7,0),(491,179,67,'1994-06-23 03:00:00.000000',16,0),(492,175,67,'1994-06-24 03:00:00.000000',18,0),(493,176,67,'1994-06-28 03:00:00.000000',29,0),(494,176,67,'1994-06-28 03:00:00.000000',30,0),(495,173,68,'1994-06-19 03:00:00.000000',6,0),(496,174,68,'1994-06-20 03:00:00.000000',10,0),(497,181,68,'1994-06-25 03:00:00.000000',21,0),(498,181,68,'1994-06-25 03:00:00.000000',22,0),(499,183,68,'1994-06-29 03:00:00.000000',33,0),(500,183,68,'1994-06-29 03:00:00.000000',34,0),(501,184,0,'1994-07-02 03:00:00.000000',37,1),(502,184,0,'1994-07-02 03:00:00.000000',38,1),(503,184,0,'1994-07-03 03:00:00.000000',39,1),(504,184,0,'1994-07-03 03:00:00.000000',40,1),(505,184,0,'1994-07-04 03:00:00.000000',41,1),(506,184,0,'1994-07-04 03:00:00.000000',42,1),(507,184,0,'1994-07-05 03:00:00.000000',43,1),(508,184,0,'1994-07-05 03:00:00.000000',44,1),(509,185,0,'1994-07-09 03:00:00.000000',45,1),(510,185,0,'1994-07-09 03:00:00.000000',46,1),(511,185,0,'1994-07-10 03:00:00.000000',47,1),(512,185,0,'1994-07-10 03:00:00.000000',48,1),(513,186,0,'1994-07-13 03:00:00.000000',49,1),(514,186,0,'1994-07-13 03:00:00.000000',50,1),(515,187,0,'1994-07-16 03:00:00.000000',51,1),(516,188,0,'1994-07-17 03:00:00.000000',52,1),(517,189,69,'1998-06-10 03:00:00.000000',1,0),(518,189,69,'1998-06-10 03:00:00.000000',2,0),(519,190,69,'1998-06-16 03:00:00.000000',17,0),(520,190,69,'1998-06-16 03:00:00.000000',18,0),(521,191,69,'1998-06-23 03:00:00.000000',34,0),(522,191,69,'1998-06-23 03:00:00.000000',35,0),(523,192,70,'1998-06-11 03:00:00.000000',3,0),(524,192,70,'1998-06-11 03:00:00.000000',4,0),(525,193,70,'1998-06-17 03:00:00.000000',19,0),(526,193,70,'1998-06-17 03:00:00.000000',20,0),(527,191,70,'1998-06-23 03:00:00.000000',33,0),(528,191,70,'1998-06-23 03:00:00.000000',36,0),(529,194,71,'1998-06-12 03:00:00.000000',5,0),(530,194,71,'1998-06-12 03:00:00.000000',6,0),(531,195,71,'1998-06-18 03:00:00.000000',21,0),(532,195,71,'1998-06-18 03:00:00.000000',22,0),(533,196,71,'1998-06-24 03:00:00.000000',38,0),(534,196,71,'1998-06-24 03:00:00.000000',40,0),(535,194,72,'1998-06-12 03:00:00.000000',7,0),(536,197,72,'1998-06-13 03:00:00.000000',10,0),(537,198,72,'1998-06-19 03:00:00.000000',23,0),(538,198,72,'1998-06-19 03:00:00.000000',24,0),(539,196,72,'1998-06-24 03:00:00.000000',37,0),(540,196,72,'1998-06-24 03:00:00.000000',39,0),(541,197,73,'1998-06-13 03:00:00.000000',8,0),(542,197,73,'1998-06-13 03:00:00.000000',9,0),(543,199,73,'1998-06-20 03:00:00.000000',25,0),(544,199,73,'1998-06-20 03:00:00.000000',26,0),(545,200,73,'1998-06-25 03:00:00.000000',41,0),(546,200,73,'1998-06-25 03:00:00.000000',42,0),(547,201,74,'1998-06-14 03:00:00.000000',12,0),(548,202,74,'1998-06-15 03:00:00.000000',14,0),(549,203,74,'1998-06-21 03:00:00.000000',29,0),(550,203,74,'1998-06-21 03:00:00.000000',30,0),(551,200,74,'1998-06-25 03:00:00.000000',43,0),(552,200,74,'1998-06-25 03:00:00.000000',44,0),(553,202,75,'1998-06-15 03:00:00.000000',15,0),(554,202,75,'1998-06-15 03:00:00.000000',16,0),(555,204,75,'1998-06-22 03:00:00.000000',31,0),(556,204,75,'1998-06-22 03:00:00.000000',32,0),(557,205,75,'1998-06-26 03:00:00.000000',45,0),(558,205,75,'1998-06-26 03:00:00.000000',46,0),(559,201,76,'1998-06-14 03:00:00.000000',11,0),(560,201,76,'1998-06-14 03:00:00.000000',13,0),(561,199,76,'1998-06-20 03:00:00.000000',27,0),(562,203,76,'1998-06-21 03:00:00.000000',28,0),(563,205,76,'1998-06-26 03:00:00.000000',47,0),(564,205,76,'1998-06-26 03:00:00.000000',48,0),(565,206,0,'1998-06-27 03:00:00.000000',49,1),(566,206,0,'1998-06-27 03:00:00.000000',50,1),(567,206,0,'1998-06-28 03:00:00.000000',51,1),(568,206,0,'1998-06-28 03:00:00.000000',52,1),(569,206,0,'1998-06-29 03:00:00.000000',53,1),(570,206,0,'1998-06-29 03:00:00.000000',54,1),(571,206,0,'1998-06-30 03:00:00.000000',55,1),(572,206,0,'1998-06-30 03:00:00.000000',56,1),(573,207,0,'1998-07-03 03:00:00.000000',57,1),(574,207,0,'1998-07-03 03:00:00.000000',58,1),(575,207,0,'1998-07-04 03:00:00.000000',59,1),(576,207,0,'1998-07-04 03:00:00.000000',60,1),(577,208,0,'1998-07-07 03:00:00.000000',61,1),(578,208,0,'1998-07-08 03:00:00.000000',62,1),(579,209,0,'1998-07-11 03:00:00.000000',63,1),(580,210,0,'1998-07-12 03:00:00.000000',64,1),(581,211,77,'2002-05-31 03:00:00.000000',1,0),(582,212,77,'2002-06-01 03:00:00.000000',3,0),(583,213,77,'2002-06-06 03:00:00.000000',18,0),(584,213,77,'2002-06-06 03:00:00.000000',19,0),(585,214,77,'2002-06-11 03:00:00.000000',33,0),(586,214,77,'2002-06-11 03:00:00.000000',34,0),(587,215,78,'2002-06-02 03:00:00.000000',6,0),(588,215,78,'2002-06-02 03:00:00.000000',8,0),(589,216,78,'2002-06-07 03:00:00.000000',22,0),(590,217,78,'2002-06-08 03:00:00.000000',24,0),(591,218,78,'2002-06-12 03:00:00.000000',39,0),(592,218,78,'2002-06-12 03:00:00.000000',40,0),(593,219,79,'2002-06-03 03:00:00.000000',10,0),(594,220,79,'2002-06-04 03:00:00.000000',12,0),(595,217,79,'2002-06-08 03:00:00.000000',26,0),(596,221,79,'2002-06-09 03:00:00.000000',28,0),(597,222,79,'2002-06-13 03:00:00.000000',41,0),(598,222,79,'2002-06-13 03:00:00.000000',42,0),(599,220,80,'2002-06-04 03:00:00.000000',14,0),(600,223,80,'2002-06-05 03:00:00.000000',16,0),(601,224,80,'2002-06-10 03:00:00.000000',30,0),(602,224,80,'2002-06-10 03:00:00.000000',32,0),(603,225,80,'2002-06-14 03:00:00.000000',47,0),(604,225,80,'2002-06-14 03:00:00.000000',48,0),(605,212,81,'2002-06-01 03:00:00.000000',2,0),(606,212,81,'2002-06-01 03:00:00.000000',4,0),(607,223,81,'2002-06-05 03:00:00.000000',17,0),(608,213,81,'2002-06-06 03:00:00.000000',19,0),(609,214,81,'2002-06-11 03:00:00.000000',35,0),(610,214,81,'2002-06-11 03:00:00.000000',36,0),(611,215,82,'2002-06-02 03:00:00.000000',5,0),(612,215,82,'2002-06-02 03:00:00.000000',7,0),(613,216,82,'2002-06-07 03:00:00.000000',21,0),(614,216,82,'2002-06-07 03:00:00.000000',23,0),(615,218,82,'2002-06-12 03:00:00.000000',37,0),(616,218,82,'2002-06-12 03:00:00.000000',38,0),(617,219,83,'2002-06-03 03:00:00.000000',9,0),(618,219,83,'2002-06-03 03:00:00.000000',11,0),(619,217,83,'2002-06-08 03:00:00.000000',25,0),(620,221,83,'2002-06-09 03:00:00.000000',27,0),(621,222,83,'2002-06-13 03:00:00.000000',43,0),(622,222,83,'2002-06-13 03:00:00.000000',44,0),(623,220,84,'2002-06-04 03:00:00.000000',13,0),(624,223,84,'2002-06-05 03:00:00.000000',15,0),(625,221,84,'2002-06-09 03:00:00.000000',29,0),(626,224,84,'2002-06-10 03:00:00.000000',31,0),(627,225,84,'2002-06-14 03:00:00.000000',45,0),(628,225,84,'2002-06-14 03:00:00.000000',46,0),(629,226,0,'2002-06-15 03:00:00.000000',49,1),(630,226,0,'2002-06-15 03:00:00.000000',50,1),(631,226,0,'2002-06-16 03:00:00.000000',51,1),(632,226,0,'2002-06-16 03:00:00.000000',52,1),(633,226,0,'2002-06-17 03:00:00.000000',53,1),(634,226,0,'2002-06-17 03:00:00.000000',54,1),(635,226,0,'2002-06-18 03:00:00.000000',55,1),(636,226,0,'2002-06-18 03:00:00.000000',56,1),(637,227,0,'2002-06-21 03:00:00.000000',57,1),(638,227,0,'2002-06-21 03:00:00.000000',58,1),(639,227,0,'2002-06-22 03:00:00.000000',59,1),(640,227,0,'2002-06-22 03:00:00.000000',60,1),(641,228,0,'2002-06-25 03:00:00.000000',61,1),(642,228,0,'2002-06-26 03:00:00.000000',62,1),(643,229,0,'2002-06-29 03:00:00.000000',63,1),(644,230,0,'2002-06-30 03:00:00.000000',64,1),(645,231,85,'2006-06-09 03:00:00.000000',1,0),(646,231,85,'2006-06-09 03:00:00.000000',2,0),(647,236,85,'2006-06-14 03:00:00.000000',17,0),(648,237,85,'2006-06-15 03:00:00.000000',18,0),(649,242,85,'2006-06-20 03:00:00.000000',33,0),(650,242,85,'2006-06-20 03:00:00.000000',34,0),(651,232,86,'2006-06-10 03:00:00.000000',3,0),(652,232,86,'2006-06-10 03:00:00.000000',4,0),(653,237,86,'2006-06-15 03:00:00.000000',19,0),(654,237,86,'2006-06-15 03:00:00.000000',20,0),(655,242,86,'2006-06-20 03:00:00.000000',35,0),(656,242,86,'2006-06-20 03:00:00.000000',36,0),(657,232,87,'2006-06-10 03:00:00.000000',5,0),(658,233,87,'2006-06-11 03:00:00.000000',6,0),(659,238,87,'2006-06-16 03:00:00.000000',21,0),(660,238,87,'2006-06-16 03:00:00.000000',22,0),(661,243,87,'2006-06-21 03:00:00.000000',37,0),(662,243,87,'2006-06-21 03:00:00.000000',38,0),(663,233,88,'2006-06-11 03:00:00.000000',7,0),(664,233,88,'2006-06-11 03:00:00.000000',8,0),(665,238,88,'2006-06-16 03:00:00.000000',23,0),(666,239,88,'2006-06-17 03:00:00.000000',24,0),(667,243,88,'2006-06-21 03:00:00.000000',39,0),(668,243,88,'2006-06-21 03:00:00.000000',40,0),(669,234,89,'2006-06-12 03:00:00.000000',9,0),(670,234,89,'2006-06-12 03:00:00.000000',10,0),(671,239,89,'2006-06-17 03:00:00.000000',25,0),(672,239,89,'2006-06-17 03:00:00.000000',26,0),(673,244,89,'2006-06-22 03:00:00.000000',41,0),(674,244,89,'2006-06-22 03:00:00.000000',42,0),(675,235,90,'2006-06-13 03:00:00.000000',11,0),(676,234,90,'2006-06-12 03:00:00.000000',12,0),(677,240,90,'2006-06-18 03:00:00.000000',27,0),(678,240,90,'2006-06-18 03:00:00.000000',28,0),(679,244,90,'2006-06-22 03:00:00.000000',43,0),(680,244,90,'2006-06-22 03:00:00.000000',44,0),(681,235,91,'2006-06-13 03:00:00.000000',13,0),(682,235,91,'2006-06-13 03:00:00.000000',14,0),(683,240,91,'2006-06-18 03:00:00.000000',29,0),(684,241,91,'2006-06-19 03:00:00.000000',30,0),(685,245,91,'2006-06-23 03:00:00.000000',45,0),(686,245,91,'2006-06-23 03:00:00.000000',46,0),(687,236,92,'2006-06-14 03:00:00.000000',15,0),(688,236,92,'2006-06-14 03:00:00.000000',16,0),(689,241,92,'2006-06-19 03:00:00.000000',31,0),(690,241,92,'2006-06-19 03:00:00.000000',32,0),(691,245,92,'2006-06-23 03:00:00.000000',47,0),(692,245,92,'2006-06-23 03:00:00.000000',48,0),(693,246,0,'2006-06-24 03:00:00.000000',49,1),(694,246,0,'2006-06-24 03:00:00.000000',50,1),(695,246,0,'2006-06-25 03:00:00.000000',51,1),(696,246,0,'2006-06-25 03:00:00.000000',52,1),(697,246,0,'2006-06-26 03:00:00.000000',53,1),(698,246,0,'2006-06-26 03:00:00.000000',54,1),(699,246,0,'2006-06-27 03:00:00.000000',55,1),(700,246,0,'2006-06-27 03:00:00.000000',56,1),(701,247,0,'2006-06-30 03:00:00.000000',57,1),(702,247,0,'2006-06-30 03:00:00.000000',58,1),(703,247,0,'2006-07-01 03:00:00.000000',59,1),(704,247,0,'2006-07-01 03:00:00.000000',60,1),(705,248,0,'2006-07-04 03:00:00.000000',61,1),(706,248,0,'2006-07-05 03:00:00.000000',62,1),(707,249,0,'2006-07-08 03:00:00.000000',63,1),(708,250,0,'2006-07-09 03:00:00.000000',64,1),(709,251,93,'2010-06-11 07:00:00.000000',1,0),(710,251,93,'2010-06-11 11:30:00.000000',2,0),(711,256,93,'2010-06-16 11:30:00.000000',17,0),(712,257,93,'2010-06-17 11:30:00.000000',18,0),(713,262,93,'2010-06-22 07:00:00.000000',33,0),(714,262,93,'2010-06-22 07:00:00.000000',34,0),(715,252,94,'2010-06-12 04:30:00.000000',4,0),(716,252,94,'2010-06-12 07:00:00.000000',3,0),(717,257,94,'2010-06-17 04:30:00.000000',20,0),(718,257,94,'2010-06-17 07:00:00.000000',19,0),(719,262,94,'2010-06-22 11:30:00.000000',35,0),(720,262,94,'2010-06-22 11:30:00.000000',36,0),(721,252,95,'2010-06-12 11:30:00.000000',5,0),(722,253,95,'2010-06-13 04:30:00.000000',6,0),(723,258,95,'2010-06-18 07:00:00.000000',22,0),(724,258,95,'2010-06-18 11:30:00.000000',23,0),(725,263,95,'2010-06-23 07:00:00.000000',38,0),(726,263,95,'2010-06-23 07:00:00.000000',37,0),(727,253,96,'2010-06-13 07:00:00.000000',8,0),(728,253,96,'2010-06-13 11:30:00.000000',7,0),(729,258,96,'2010-06-18 04:30:00.000000',21,0),(730,259,96,'2010-06-19 07:00:00.000000',24,0),(731,263,96,'2010-06-23 11:30:00.000000',40,0),(732,263,96,'2010-06-23 11:30:00.000000',39,0),(733,254,97,'2010-06-14 04:30:00.000000',9,0),(734,254,97,'2010-06-14 07:00:00.000000',10,0),(735,259,97,'2010-06-19 04:30:00.000000',25,0),(736,259,97,'2010-06-19 11:30:00.000000',26,0),(737,264,97,'2010-06-24 11:30:00.000000',43,0),(738,264,97,'2010-06-24 11:30:00.000000',44,0),(739,254,98,'2010-06-14 11:30:00.000000',11,0),(740,255,98,'2010-06-15 04:30:00.000000',12,0),(741,260,98,'2010-06-20 04:30:00.000000',27,0),(742,260,98,'2010-06-20 07:00:00.000000',28,0),(743,264,98,'2010-06-24 07:00:00.000000',41,0),(744,264,98,'2010-06-24 07:00:00.000000',42,0),(745,255,99,'2010-06-15 07:00:00.000000',13,0),(746,255,99,'2010-06-15 11:30:00.000000',14,0),(747,260,99,'2010-06-20 11:30:00.000000',29,0),(748,261,99,'2010-06-21 04:30:00.000000',30,0),(749,265,99,'2010-06-25 07:00:00.000000',45,0),(750,265,99,'2010-06-25 07:00:00.000000',46,0),(751,256,100,'2010-06-16 04:30:00.000000',15,0),(752,256,100,'2010-06-16 07:00:00.000000',16,0),(753,261,100,'2010-06-21 07:00:00.000000',31,0),(754,261,100,'2010-06-21 11:30:00.000000',32,0),(755,265,100,'2010-06-25 11:30:00.000000',47,0),(756,265,100,'2010-06-25 11:30:00.000000',48,0),(757,266,0,'2010-06-26 07:00:00.000000',49,1),(758,266,0,'2010-06-26 11:30:00.000000',50,1),(759,266,0,'2010-06-27 07:00:00.000000',51,1),(760,266,0,'2010-06-27 11:30:00.000000',52,1),(761,266,0,'2010-06-28 07:00:00.000000',53,1),(762,266,0,'2010-06-28 11:30:00.000000',54,1),(763,266,0,'2010-06-29 07:00:00.000000',55,1),(764,266,0,'2010-06-29 11:30:00.000000',56,1),(765,267,0,'2010-07-02 07:00:00.000000',57,1),(766,267,0,'2010-07-02 11:30:00.000000',58,1),(767,267,0,'2010-07-03 07:00:00.000000',59,1),(768,267,0,'2010-07-03 11:30:00.000000',60,1),(769,268,0,'2010-07-06 11:30:00.000000',61,1),(770,268,0,'2010-07-07 11:30:00.000000',62,1),(771,269,0,'2010-07-10 11:30:00.000000',63,1),(772,270,0,'2010-07-11 11:30:00.000000',64,1),(773,271,101,'2014-06-12 08:00:00.000000',1,0),(774,272,101,'2014-06-13 04:00:00.000000',2,0),(775,276,101,'2014-06-17 07:00:00.000000',17,0),(776,277,101,'2014-06-18 09:00:00.000000',18,0),(777,282,101,'2014-06-23 08:00:00.000000',33,0),(778,282,101,'2014-06-23 08:00:00.000000',34,0),(779,272,102,'2014-06-13 07:00:00.000000',3,0),(780,272,102,'2014-06-13 09:00:00.000000',4,0),(781,277,102,'2014-06-18 07:00:00.000000',19,0),(782,277,102,'2014-06-18 04:00:00.000000',20,0),(783,282,102,'2014-06-23 04:00:00.000000',35,0),(784,282,102,'2014-06-23 04:00:00.000000',36,0),(785,273,103,'2014-06-14 04:00:00.000000',5,0),(786,273,103,'2014-06-14 13:00:00.000000',6,0),(787,278,103,'2014-06-19 04:00:00.000000',21,0),(788,278,103,'2014-06-19 10:00:00.000000',22,0),(789,283,103,'2014-06-24 07:00:00.000000',37,0),(790,283,103,'2014-06-24 08:00:00.000000',38,0),(791,273,104,'2014-06-14 07:00:00.000000',7,0),(792,273,104,'2014-06-14 09:00:00.000000',8,0),(793,278,104,'2014-06-19 07:00:00.000000',23,0),(794,279,104,'2014-06-20 04:00:00.000000',24,0),(795,283,104,'2014-06-24 04:00:00.000000',39,0),(796,283,104,'2014-06-24 04:00:00.000000',40,0),(797,274,105,'2014-06-15 04:00:00.000000',9,0),(798,274,105,'2014-06-15 07:00:00.000000',10,0),(799,279,105,'2014-06-20 07:00:00.000000',25,0),(800,279,105,'2014-06-20 10:00:00.000000',26,0),(801,284,105,'2014-06-25 07:00:00.000000',41,0),(802,284,105,'2014-06-25 08:00:00.000000',42,0),(803,274,106,'2014-06-15 10:00:00.000000',11,0),(804,275,106,'2014-06-16 07:00:00.000000',12,0),(805,280,106,'2014-06-21 04:00:00.000000',27,0),(806,280,106,'2014-06-21 09:00:00.000000',28,0),(807,284,106,'2014-06-25 04:00:00.000000',43,0),(808,284,106,'2014-06-25 04:00:00.000000',44,0),(809,275,107,'2014-06-16 04:00:00.000000',13,0),(810,275,107,'2014-06-16 10:00:00.000000',14,0),(811,280,107,'2014-06-21 07:00:00.000000',29,0),(812,281,107,'2014-06-22 09:00:00.000000',30,0),(813,285,107,'2014-06-26 04:00:00.000000',45,0),(814,285,107,'2014-06-26 04:00:00.000000',46,0),(815,276,108,'2014-06-17 04:00:00.000000',15,0),(816,276,108,'2014-06-17 09:00:00.000000',16,0),(817,281,108,'2014-06-22 04:00:00.000000',31,0),(818,281,108,'2014-06-22 07:00:00.000000',32,0),(819,285,108,'2014-06-26 08:00:00.000000',47,0),(820,285,108,'2014-06-26 08:00:00.000000',48,0),(821,286,0,'2014-06-28 04:00:00.000000',49,1),(822,286,0,'2014-06-28 08:00:00.000000',50,1),(823,286,0,'2014-06-29 04:00:00.000000',51,1),(824,286,0,'2014-06-29 08:00:00.000000',52,1),(825,286,0,'2014-06-30 04:00:00.000000',53,1),(826,286,0,'2014-06-30 08:00:00.000000',54,1),(827,286,0,'2014-07-01 04:00:00.000000',55,1),(828,286,0,'2014-07-01 08:00:00.000000',56,1),(829,287,0,'2014-07-04 08:00:00.000000',57,1),(830,287,0,'2014-07-04 04:00:00.000000',58,1),(831,287,0,'2014-07-05 08:00:00.000000',59,1),(832,287,0,'2014-07-05 04:00:00.000000',60,1),(833,288,0,'2014-07-08 08:00:00.000000',61,1),(834,288,0,'2014-07-09 08:00:00.000000',62,1),(835,289,0,'2014-07-12 08:00:00.000000',63,1),(836,290,0,'2014-07-13 07:00:00.000000',64,1);
/*!40000 ALTER TABLE `wc_match` ENABLE KEYS */;
UNLOCK TABLES;

--
-- Temporary table structure for view `wc_match_view`
--

DROP TABLE IF EXISTS `wc_match_view`;
/*!50001 DROP VIEW IF EXISTS `wc_match_view`*/;
SET @saved_cs_client     = @@character_set_client;
SET character_set_client = utf8;
/*!50001 CREATE TABLE `wc_match_view` (
  `tournament_id` tinyint NOT NULL,
  `round_id` tinyint NOT NULL,
  `group_id` tinyint NOT NULL,
  `team_id0` tinyint NOT NULL,
  `team_id1` tinyint NOT NULL,
  `tournament_name` tinyint NOT NULL,
  `round_name` tinyint NOT NULL,
  `group_name` tinyint NOT NULL,
  `team_name0` tinyint NOT NULL,
  `team_name1` tinyint NOT NULL,
  `outcome` tinyint NOT NULL
) ENGINE=MyISAM */;
SET character_set_client = @saved_cs_client;

--
-- Table structure for table `wc_result`
--

DROP TABLE IF EXISTS `wc_result`;
/*!40101 SET @saved_cs_client     = @@character_set_client */;
/*!40101 SET character_set_client = utf8 */;
CREATE TABLE `wc_result` (
  `id` int(11) NOT NULL,
  `match_id` int(11) NOT NULL,
  `team_id0` int(11) NOT NULL,
  `team_id1` int(11) NOT NULL,
  `rs` int(11) NOT NULL,
  `rs_extra` char(10) DEFAULT NULL,
  `rs_pk` char(10) DEFAULT NULL,
  `ra` char(10) NOT NULL,
  `ra_extra` char(10) DEFAULT NULL,
  `ra_pk` char(10) DEFAULT NULL,
  `difference` char(10) NOT NULL,
  `outcome` char(10) DEFAULT NULL,
  `outcome_90min` char(10) DEFAULT NULL,
  `count_win` char(10) DEFAULT NULL,
  `count_lose` char(10) DEFAULT NULL,
  `count_stillmate` char(10) DEFAULT NULL,
  `point` char(10) DEFAULT NULL,
  `extra` char(10) DEFAULT NULL,
  `pk` int(11) NOT NULL,
  `duplicate` varchar(10) DEFAULT NULL,
  PRIMARY KEY (`id`),
  KEY `FK_wc_result_0` (`match_id`),
  KEY `FK_wc_result_1` (`team_id0`),
  KEY `FK_wc_result_2` (`team_id1`),
  CONSTRAINT `FK_wc_result_0` FOREIGN KEY (`match_id`) REFERENCES `wc_match` (`id`),
  CONSTRAINT `FK_wc_result_1` FOREIGN KEY (`team_id0`) REFERENCES `wc_team` (`id`),
  CONSTRAINT `FK_wc_result_2` FOREIGN KEY (`team_id1`) REFERENCES `wc_team` (`id`)
) ENGINE=InnoDB DEFAULT CHARSET=utf8mb4;
/*!40101 SET character_set_client = @saved_cs_client */;

--
-- Dumping data for table `wc_result`
--

LOCK TABLES `wc_result` WRITE;
/*!40000 ALTER TABLE `wc_result` DISABLE KEYS */;
INSERT INTO `wc_result` VALUES (1,1,131,190,4,'','','1','','','3','勝利','勝利','1','0','0','3','0',0,'重複を省く'),(3,2,210,131,1,'','','0','','','1','勝利','勝利','1','0','0','3','0',0,'重複を省く'),(5,3,212,190,3,'','','0','','','3','勝利','勝利','1','0','0','3','0',0,'重複を省く'),(7,4,212,131,1,'','','0','','','1','勝利','勝利','1','0','0','3','0',0,'重複を省く'),(9,5,210,190,6,'','','3','','','3','勝利','勝利','1','0','0','3','0',0,'重複を省く'),(11,6,210,212,3,'','','1','','','2','勝利','勝利','1','0','0','3','0',0,'重複を省く'),(13,7,227,211,2,'','','1','','','1','勝利','勝利','1','0','0','3','0',0,'重複を省く'),(15,8,227,219,4,'','','0','','','4','勝利','勝利','1','0','0','3','0',0,'重複を省く'),(17,9,211,219,4,'','','0','','','4','勝利','勝利','1','0','0','3','0',0,'重複を省く'),(19,10,146,217,3,'','','1','','','2','勝利','勝利','1','0','0','3','0',0,'重複を省く'),(21,11,214,217,1,'','','0','','','1','勝利','勝利','1','0','0','3','0',0,'重複を省く'),(23,12,214,146,4,'','','0','','','4','勝利','勝利','1','0','0','3','0',0,'重複を省く'),(25,13,191,125,3,'','','0','','','3','勝利','勝利','1','0','0','3','0',0,'重複を省く'),(27,14,191,213,3,'','','0','','','3','勝利','勝利','1','0','0','3','0',0,'重複を省く'),(29,15,213,125,1,'','','0','','','1','勝利','勝利','1','0','0','3','0',0,'重複を省く'),(31,16,210,191,6,'','','1','','','5','勝利','勝利','1','0','0','3','0',0,'重複を省く'),(33,17,214,227,6,'','','1','','','5','勝利','勝利','1','0','0','3','0',0,'重複を省く'),(35,18,214,210,4,'','','2','','','2','勝利','勝利','1','0','0','3','0',0,'重複を省く'),(37,19,147,210,3,'','','2','','','1','勝利','勝利','1','0','0','3','0',0,'重複を省く'),(39,20,124,131,1,'3','','1','2','','0','勝利','引き分け','1','0','0','3','1',0,'重複を省く'),(41,21,127,125,5,'','','2','','','3','勝利','勝利','1','0','0','3','0',0,'重複を省く'),(43,22,129,211,3,'','','1','','','2','勝利','勝利','1','0','0','3','0',0,'重複を省く'),(45,23,149,2,4,'','','2','','','2','勝利','勝利','1','0','0','3','0',0,'重複を省く'),(47,24,153,137,3,'','','2','','','1','勝利','勝利','1','0','0','3','0',0,'重複を省く'),(49,25,134,191,7,'','','1','','','6','勝利','勝利','1','0','0','3','0',0,'重複を省く'),(51,26,223,146,2,'','','1','','','1','勝利','勝利','1','0','0','3','0',0,'重複を省く'),(53,27,223,153,3,'','','2','','','1','勝利','勝利','1','0','0','3','0',0,'重複を省く'),(55,28,127,147,2,'','','1','','','1','勝利','勝利','1','0','0','3','0',0,'重複を省く'),(57,29,134,129,0,'1','','0','1','','0','引き分け','引き分け','0','0','1','1','1',0,'重複を省く'),(59,30,124,149,2,'','','1','','','1','勝利','勝利','1','0','0','3','0',0,'重複を省く'),(61,31,134,129,1,'','','0','','','1','勝利','勝利','1','0','0','3','0',0,'重複を省く'),(63,32,134,124,1,'','','0','','','1','勝利','勝利','1','0','0','3','0',0,'重複を省く'),(65,33,223,127,3,'','','1','','','2','勝利','勝利','1','0','0','3','0',0,'重複を省く'),(67,34,127,124,3,'','','2','','','1','勝利','勝利','1','0','0','3','0',0,'重複を省く'),(69,35,134,223,1,'2','','1','1','','0','勝利','引き分け','1','0','0','3','1',0,'重複を省く'),(71,36,153,127,1,'1','','1','1','','0','引き分け','引き分け','0','0','1','1','1',0,'重複を省く'),(73,37,149,228,6,'','','0','','','6','勝利','勝利','1','0','0','3','0',0,'重複を省く'),(75,38,131,125,3,'','','1','','','2','勝利','勝利','1','0','0','3','0',0,'重複を省く'),(77,39,97,146,2,'3','','2','3','','0','引き分け','引き分け','0','0','1','1','1',0,'重複を省く'),(79,40,134,160,1,'2','','1','1','','0','勝利','引き分け','1','0','0','3','1',0,'重複を省く'),(81,41,211,145,4,'6','','4','5','','0','勝利','引き分け','1','0','0','3','1',0,'重複を省く'),(83,42,223,137,0,'3','','0','0','','0','勝利','引き分け','1','0','0','3','1',0,'重複を省く'),(85,43,97,146,2,'','','1','','','1','勝利','勝利','1','0','0','3','0',0,'重複を省く'),(87,44,127,153,2,'','','4','','','-2','敗北','敗北','0','1','0','0','0',0,'重複を省く'),(89,45,211,223,1,'1','','1','1','','0','引き分け','引き分け','0','0','1','1','1',0,'重複を省く'),(91,46,153,149,0,'','','2','','','-2','敗北','敗北','0','1','0','0','0',0,'重複を省く'),(93,47,147,97,8,'','','0','','','8','勝利','勝利','1','0','0','3','0',0,'重複を省く'),(95,48,131,134,1,'','','3','','','-2','敗北','敗北','0','1','0','0','0',0,'重複を省く'),(97,49,211,223,2,'','','1','','','1','勝利','勝利','1','0','0','3','0',0,'重複を省く'),(99,50,149,147,5,'','','1','','','4','勝利','勝利','1','0','0','3','0',0,'重複を省く'),(101,51,134,211,2,'','','1','','','1','勝利','勝利','1','0','0','3','0',0,'重複を省く'),(103,52,147,211,2,'','','4','','','-2','敗北','敗北','0','1','0','0','0',0,'重複を省く'),(105,53,149,134,2,'','','4','','','-2','敗北','敗北','0','1','0','0','0',0,'重複を省く'),(107,54,211,190,4,'','','0','','','4','勝利','勝利','1','0','0','3','0',0,'重複を省く'),(109,55,227,153,3,'','','0','','','3','勝利','勝利','1','0','0','3','0',0,'重複を省く'),(111,56,211,153,2,'','','2','','','0','引き分け','引き分け','0','0','1','1','0',0,'重複を省く'),(113,57,227,190,4,'','','1','','','3','勝利','勝利','1','0','0','3','0',0,'重複を省く'),(115,58,211,227,2,'','','0','','','2','勝利','勝利','1','0','0','3','0',0,'重複を省く'),(117,59,153,190,2,'','','1','','','1','勝利','勝利','1','0','0','3','0',0,'重複を省く'),(119,60,170,212,2,'','','0','','','2','勝利','勝利','1','0','0','3','0',0,'重複を省く'),(121,61,129,191,3,'','','1','','','2','勝利','勝利','1','0','0','3','0',0,'重複を省く'),(123,62,129,212,2,'','','0','','','2','勝利','勝利','1','0','0','3','0',0,'重複を省く'),(125,63,191,170,1,'','','0','','','1','勝利','勝利','1','0','0','3','0',0,'重複を省く'),(127,64,129,170,1,'','','0','','','1','勝利','勝利','1','0','0','3','0',0,'重複を省く'),(129,65,212,191,5,'','','2','','','3','勝利','勝利','1','0','0','3','0',0,'重複を省く'),(131,66,147,134,3,'','','2','','','1','勝利','勝利','1','0','0','3','0',0,'重複を省く'),(133,67,147,213,2,'','','2','','','0','引き分け','引き分け','0','0','1','1','0',0,'重複を省く'),(135,68,134,213,2,'','','0','','','2','勝利','勝利','1','0','0','3','0',0,'重複を省く'),(137,69,214,219,8,'','','0','','','8','勝利','勝利','1','0','0','3','0',0,'重複を省く'),(139,70,214,129,2,'','','2','','','0','引き分け','引き分け','0','0','1','1','0',0,'重複を省く'),(141,71,211,147,7,'','','1','','','6','勝利','勝利','1','0','0','3','0',0,'重複を省く'),(143,72,211,129,6,'','','1','','','5','勝利','勝利','1','0','0','3','0',0,'重複を省く'),(145,73,214,147,3,'','','2','','','1','勝利','勝利','1','0','0','3','0',0,'重複を省く'),(147,74,147,129,3,'','','1','','','2','勝利','勝利','1','0','0','3','0',0,'重複を省く'),(149,75,214,211,2,'','','1','','','1','勝利','勝利','1','0','0','3','0',0,'重複を省く'),(151,76,211,190,5,'','','0','','','5','勝利','勝利','1','0','0','3','0',0,'重複を省く'),(153,77,227,131,1,'','','0','','','1','勝利','勝利','1','0','0','3','0',0,'重複を省く'),(155,78,211,227,1,'1','','1','1','','0','引き分け','引き分け','0','0','1','1','1',0,'重複を省く'),(157,79,131,190,3,'','','2','','','1','勝利','勝利','1','0','0','3','0',0,'重複を省く'),(159,80,224,157,4,'','','1','','','3','勝利','勝利','1','0','0','3','0',0,'重複を省く'),(161,81,149,74,9,'','','0','','','9','勝利','勝利','1','0','0','3','0',0,'重複を省く'),(163,82,149,224,8,'','','3','','','5','勝利','勝利','1','0','0','3','0',0,'重複を省く'),(165,83,157,74,7,'','','0','','','7','勝利','勝利','1','0','0','3','0',0,'重複を省く'),(167,84,224,157,7,'','','2','','','5','勝利','勝利','1','0','0','3','0',0,'重複を省く'),(169,85,214,223,2,'','','0','','','2','勝利','勝利','1','0','0','3','0',0,'重複を省く'),(171,86,124,171,1,'','','0','','','1','勝利','勝利','1','0','0','3','0',0,'重複を省く'),(173,87,124,223,5,'','','0','','','5','勝利','勝利','1','0','0','3','0',0,'重複を省く'),(175,88,214,171,7,'','','0','','','7','勝利','勝利','1','0','0','3','0',0,'重複を省く'),(177,89,170,125,3,'4','','3','4','','0','引き分け','引き分け','0','0','1','1','1',0,'重複を省く'),(179,90,153,134,2,'','','1','','','1','勝利','勝利','1','0','0','3','0',0,'重複を省く'),(181,91,170,153,2,'','','0','','','2','勝利','勝利','1','0','0','3','0',0,'重複を省く'),(183,92,134,125,4,'','','1','','','3','勝利','勝利','1','0','0','3','0',0,'重複を省く'),(185,93,153,134,4,'','','1','','','3','勝利','勝利','1','0','0','3','0',0,'重複を省く'),(187,94,124,153,7,'','','5','','','2','勝利','勝利','1','0','0','3','0',0,'重複を省く'),(189,95,214,170,4,'','','2','','','2','勝利','勝利','1','0','0','3','0',0,'重複を省く'),(191,96,227,224,0,'','','2','','','-2','敗北','敗北','0','1','0','0','0',0,'重複を省く'),(193,97,211,149,2,'','','4','','','-2','敗北','敗北','0','1','0','0','0',0,'重複を省く'),(195,98,224,124,6,'','','1','','','5','勝利','勝利','1','0','0','3','0',0,'重複を省く'),(197,99,149,214,2,'4','','2','2','','0','勝利','引き分け','1','0','0','3','1',0,'重複を省く'),(199,100,214,124,1,'','','3','','','-2','敗北','敗北','0','1','0','0','0',0,'重複を省く'),(201,101,149,224,2,'','','3','','','-1','敗北','敗北','0','1','0','0','0',0,'重複を省く'),(203,102,224,210,3,'','','1','','','2','勝利','勝利','1','0','0','3','0',0,'重複を省く'),(205,103,173,223,1,'','','0','','','1','勝利','勝利','1','0','0','3','0',0,'重複を省く'),(207,104,210,173,3,'','','1','','','2','勝利','勝利','1','0','0','3','0',0,'重複を省く'),(209,105,224,223,2,'','','2','','','0','引き分け','引き分け','0','0','1','1','0',0,'重複を省く'),(211,106,224,173,2,'','','2','','','0','引き分け','引き分け','0','0','1','1','0',0,'重複を省く'),(213,107,223,210,6,'','','1','','','5','勝利','勝利','1','0','0','3','0',0,'重複を省く'),(215,108,173,223,1,'2','','1','1','','0','勝利','引き分け','1','0','0','3','1',0,'重複を省く'),(217,109,131,213,7,'','','3','','','4','勝利','勝利','1','0','0','3','0',0,'重複を省く'),(219,110,227,171,1,'','','1','','','0','引き分け','引き分け','0','0','1','1','0',0,'重複を省く'),(221,111,227,131,3,'','','2','','','1','勝利','勝利','1','0','0','3','0',0,'重複を省く'),(223,112,213,171,3,'','','2','','','1','勝利','勝利','1','0','0','3','0',0,'重複を省く'),(225,113,131,171,2,'','','1','','','1','勝利','勝利','1','0','0','3','0',0,'重複を省く'),(227,114,213,227,3,'','','3','','','0','引き分け','引き分け','0','0','1','1','0',0,'重複を省く'),(229,115,147,190,3,'','','0','','','3','勝利','勝利','1','0','0','3','0',0,'重複を省く'),(231,116,149,172,1,'','','1','','','0','引き分け','引き分け','0','0','1','1','0',0,'重複を省く'),(233,117,190,172,1,'','','1','','','0','引き分け','引き分け','0','0','1','1','0',0,'重複を省く'),(235,118,147,149,2,'','','1','','','1','勝利','勝利','1','0','0','3','0',0,'重複を省く'),(237,119,147,172,0,'','','0','','','0','引き分け','引き分け','0','0','1','1','0',0,'重複を省く'),(239,120,149,190,4,'','','0','','','4','勝利','勝利','1','0','0','3','0',0,'重複を省く'),(241,121,172,149,2,'','','1','','','1','勝利','勝利','1','0','0','3','0',0,'重複を省く'),(243,122,211,124,3,'','','0','','','3','勝利','勝利','1','0','0','3','0',0,'重複を省く'),(245,123,226,170,2,'','','2','','','0','引き分け','引き分け','0','0','1','1','0',0,'重複を省く'),(247,124,211,170,0,'','','0','','','0','引き分け','引き分け','0','0','1','1','0',0,'重複を省く'),(249,125,226,124,2,'','','0','','','2','勝利','勝利','1','0','0','3','0',0,'重複を省く'),(251,126,170,124,2,'','','2','','','0','引き分け','引き分け','0','0','1','1','0',0,'重複を省く'),(253,127,211,226,2,'','','0','','','2','勝利','勝利','1','0','0','3','0',0,'重複を省く'),(255,128,226,170,1,'','','0','','','1','勝利','勝利','1','0','0','3','0',0,'重複を省く'),(257,129,131,173,4,'','','0','','','4','勝利','勝利','1','0','0','3','0',0,'重複を省く'),(259,130,147,226,2,'','','0','','','2','勝利','勝利','1','0','0','3','0',0,'重複を省く'),(261,131,211,172,1,'','','0','','','1','勝利','勝利','1','0','0','3','0',0,'重複を省く'),(263,132,224,227,1,'','','0','','','1','勝利','勝利','1','0','0','3','0',0,'重複を省く'),(265,133,131,211,2,'','','5','','','-3','敗北','敗北','0','1','0','0','0',0,'重複を省く'),(267,134,224,147,1,'','','3','','','-2','敗北','敗北','0','1','0','0','0',0,'重複を省く'),(269,135,224,131,3,'','','6','','','-3','敗北','敗北','0','1','0','0','0',0,'重複を省く'),(271,136,147,211,2,'','','5','','','-3','敗北','敗北','0','1','0','0','0',0,'重複を省く'),(273,137,214,215,2,'','','1','','','1','勝利','勝利','1','0','0','3','0',0,'重複を省く'),(275,138,226,227,2,'','','0','','','2','勝利','勝利','1','0','0','3','0',0,'重複を省く'),(277,139,227,214,3,'','','1','','','2','勝利','勝利','1','0','0','3','0',0,'重複を省く'),(279,140,226,215,4,'','','4','','','0','引き分け','引き分け','0','0','1','1','0',0,'重複を省く'),(281,141,226,214,2,'','','1','','','1','勝利','勝利','1','0','0','3','0',0,'重複を省く'),(283,142,227,215,5,'','','0','','','5','勝利','勝利','1','0','0','3','0',0,'重複を省く'),(285,143,212,153,3,'','','1','','','2','勝利','勝利','1','0','0','3','0',0,'重複を省く'),(287,144,224,134,0,'','','0','','','0','引き分け','引き分け','0','0','1','1','0',0,'重複を省く'),(289,145,212,134,2,'','','0','','','2','勝利','勝利','1','0','0','3','0',0,'重複を省く'),(291,146,224,153,2,'','','1','','','1','勝利','勝利','1','0','0','3','0',0,'重複を省く'),(293,147,224,212,2,'','','0','','','2','勝利','勝利','1','0','0','3','0',0,'重複を省く'),(295,148,134,153,3,'','','0','','','3','勝利','勝利','1','0','0','3','0',0,'重複を省く'),(297,149,211,190,2,'','','0','','','2','勝利','勝利','1','0','0','3','0',0,'重複を省く'),(299,150,223,129,1,'','','0','','','1','勝利','勝利','1','0','0','3','0',0,'重複を省く'),(301,151,211,223,0,'','','0','','','0','引き分け','引き分け','0','0','1','1','0',0,'重複を省く'),(303,152,129,190,1,'','','0','','','1','勝利','勝利','1','0','0','3','0',0,'重複を省く'),(305,153,211,129,2,'','','1','','','1','勝利','勝利','1','0','0','3','0',0,'重複を省く'),(307,154,190,223,3,'','','1','','','2','勝利','勝利','1','0','0','3','0',0,'重複を省く'),(309,155,210,141,1,'','','0','','','1','勝利','勝利','1','0','0','3','0',0,'重複を省く'),(311,156,149,170,2,'','','1','','','1','勝利','勝利','1','0','0','3','0',0,'重複を省く'),(313,157,170,210,3,'','','1','','','2','勝利','勝利','1','0','0','3','0',0,'重複を省く'),(315,158,149,141,6,'','','1','','','5','勝利','勝利','1','0','0','3','0',0,'重複を省く'),(317,159,149,210,0,'','','0','','','0','引き分け','引き分け','0','0','1','1','0',0,'重複を省く'),(319,160,170,141,0,'','','0','','','0','引き分け','引き分け','0','0','1','1','0',0,'重複を省く'),(321,161,212,226,2,'','','1','','','1','勝利','勝利','1','0','0','3','0',0,'重複を省く'),(323,162,227,224,1,'','','0','','','1','勝利','勝利','1','0','0','3','0',0,'重複を省く'),(325,163,211,170,3,'','','1','','','2','勝利','勝利','1','0','0','3','0',0,'重複を省く'),(327,164,223,149,1,'','','0','','','1','勝利','勝利','1','0','0','3','0',0,'重複を省く'),(329,165,211,212,4,'','','2','','','2','勝利','勝利','1','0','0','3','0',0,'重複を省く'),(331,166,223,227,3,'','','1','','','2','勝利','勝利','1','0','0','3','0',0,'重複を省く'),(333,167,212,227,1,'','','0','','','1','勝利','勝利','1','0','0','3','0',0,'重複を省く'),(335,168,211,223,3,'','','1','','','2','勝利','勝利','1','0','0','3','0',0,'重複を省く'),(337,169,170,214,0,'','','0','','','0','引き分け','引き分け','0','0','1','1','0',0,'重複を省く'),(339,170,131,190,1,'','','1','','','0','引き分け','引き分け','0','0','1','1','0',0,'重複を省く'),(341,171,214,131,2,'','','1','','','1','勝利','勝利','1','0','0','3','0',0,'重複を省く'),(343,172,170,190,2,'','','0','','','2','勝利','勝利','1','0','0','3','0',0,'重複を省く'),(345,173,190,214,0,'','','0','','','0','引き分け','引き分け','0','0','1','1','0',0,'重複を省く'),(347,174,170,131,2,'','','0','','','2','勝利','勝利','1','0','0','3','0',0,'重複を省く'),(349,175,224,153,5,'','','0','','','5','勝利','勝利','1','0','0','3','0',0,'重複を省く'),(351,176,210,129,2,'','','1','','','1','勝利','勝利','1','0','0','3','0',0,'重複を省く'),(353,177,129,153,2,'','','1','','','1','勝利','勝利','1','0','0','3','0',0,'重複を省く'),(355,178,210,224,0,'','','0','','','0','引き分け','引き分け','0','0','1','1','0',0,'重複を省く'),(357,179,210,153,2,'','','0','','','2','勝利','勝利','1','0','0','3','0',0,'重複を省く'),(359,180,224,129,2,'','','1','','','1','勝利','勝利','1','0','0','3','0',0,'重複を省く'),(361,181,211,141,2,'','','0','','','2','勝利','勝利','1','0','0','3','0',0,'重複を省く'),(363,182,138,149,3,'','','1','','','2','勝利','勝利','1','0','0','3','0',0,'重複を省く'),(365,183,149,211,3,'','','1','','','2','勝利','勝利','1','0','0','3','0',0,'重複を省く'),(367,184,138,141,3,'','','0','','','3','勝利','勝利','1','0','0','3','0',0,'重複を省く'),(369,185,138,211,3,'','','1','','','2','勝利','勝利','1','0','0','3','0',0,'重複を省く'),(371,186,149,141,3,'','','1','','','2','勝利','勝利','1','0','0','3','0',0,'重複を省く'),(373,187,226,73,3,'','','0','','','3','勝利','勝利','1','0','0','3','0',0,'重複を省く'),(375,188,134,212,2,'','','0','','','2','勝利','勝利','1','0','0','3','0',0,'重複を省く'),(377,189,212,73,1,'','','1','','','0','引き分け','引き分け','0','0','1','1','0',0,'重複を省く'),(379,190,226,134,1,'','','0','','','1','勝利','勝利','1','0','0','3','0',0,'重複を省く'),(381,191,73,134,1,'','','0','','','1','勝利','勝利','1','0','0','3','0',0,'重複を省く'),(383,192,226,212,2,'','','1','','','1','勝利','勝利','1','0','0','3','0',0,'重複を省く'),(385,193,170,210,1,'','','0','','','1','勝利','勝利','1','0','0','3','0',0,'重複を省く'),(387,194,224,214,4,'','','0','','','4','勝利','勝利','1','0','0','3','0',0,'重複を省く'),(389,195,226,149,2,'','','1','','','1','勝利','勝利','1','0','0','3','0',0,'重複を省く'),(391,196,138,73,5,'','','3','','','2','勝利','勝利','1','0','0','3','0',0,'重複を省く'),(393,197,224,226,2,'','','1','','','1','勝利','勝利','1','0','0','3','0',0,'重複を省く'),(395,198,170,138,2,'','','1','','','1','勝利','勝利','1','0','0','3','0',0,'重複を省く'),(397,199,138,226,2,'','','1','','','1','勝利','勝利','1','0','0','3','0',0,'重複を省く'),(399,200,170,224,2,'4','','2','2','','0','勝利','引き分け','1','0','0','3','1',0,'重複を省く'),(401,201,190,226,0,'','','0','','','0','引き分け','引き分け','0','0','1','1','0',0,'重複を省く'),(403,202,125,119,3,'','','0','','','3','勝利','勝利','1','0','0','3','0',0,'重複を省く'),(405,203,226,125,4,'','','1','','','3','勝利','勝利','1','0','0','3','0',0,'重複を省く'),(407,204,190,119,4,'','','0','','','4','勝利','勝利','1','0','0','3','0',0,'重複を省く'),(409,205,226,119,2,'','','0','','','2','勝利','勝利','1','0','0','3','0',0,'重複を省く'),(411,206,190,125,1,'','','0','','','1','勝利','勝利','1','0','0','3','0',0,'重複を省く'),(413,207,214,176,2,'','','0','','','2','勝利','勝利','1','0','0','3','0',0,'重複を省く'),(415,208,134,147,1,'','','0','','','1','勝利','勝利','1','0','0','3','0',0,'重複を省く'),(417,209,214,134,0,'','','0','','','0','引き分け','引き分け','0','0','1','1','0',0,'重複を省く'),(419,210,147,176,1,'','','1','','','0','引き分け','引き分け','0','0','1','1','0',0,'重複を省く'),(421,211,214,147,0,'','','1','','','-1','敗北','敗北','0','1','0','0','0',0,'重複を省く'),(423,212,176,134,0,'','','0','','','0','引き分け','引き分け','0','0','1','1','0',0,'重複を省く'),(425,213,146,170,0,'','','1','','','-1','敗北','敗北','0','1','0','0','0',0,'重複を省く'),(427,214,223,211,1,'','','4','','','-3','敗北','敗北','0','1','0','0','0',0,'重複を省く'),(429,215,146,223,2,'','','1','','','1','勝利','勝利','1','0','0','3','0',0,'重複を省く'),(431,216,170,211,0,'','','1','','','-1','敗北','敗北','0','1','0','0','0',0,'重複を省く'),(433,217,146,211,2,'','','3','','','-1','敗北','敗北','0','1','0','0','0',0,'重複を省く'),(435,218,170,223,1,'','','0','','','1','勝利','勝利','1','0','0','3','0',0,'重複を省く'),(437,219,217,141,3,'','','2','','','1','勝利','勝利','1','0','0','3','0',0,'重複を省く'),(439,220,3,224,1,'','','2','','','-1','敗北','敗北','0','1','0','0','0',0,'重複を省く'),(441,221,217,3,3,'','','0','','','3','勝利','勝利','1','0','0','3','0',0,'重複を省く'),(443,222,141,224,2,'','','5','','','-3','敗北','敗北','0','1','0','0','0',0,'重複を省く'),(445,223,217,224,1,'','','3','','','-2','敗北','敗北','0','1','0','0','0',0,'重複を省く'),(447,224,141,3,1,'','','1','','','0','引き分け','引き分け','0','0','1','1','0',0,'重複を省く'),(449,225,226,214,0,'0','','0','1','','0','敗北','引き分け','0','1','0','0','1',0,'重複を省く'),(451,226,134,190,4,'','','1','','','3','勝利','勝利','1','0','0','3','0',0,'重複を省く'),(453,227,211,217,4,'','','2','','','2','勝利','勝利','1','0','0','3','0',0,'重複を省く'),(455,228,224,170,2,'3','','2','2','','0','勝利','引き分け','1','0','0','3','1',0,'重複を省く'),(457,229,214,211,1,'','','3','','','-2','敗北','敗北','0','1','0','0','0',0,'重複を省く'),(459,230,134,224,1,'4','','1','3','','0','勝利','引き分け','1','0','0','3','1',0,'重複を省く'),(461,231,214,224,0,'','','1','','','-1','敗北','敗北','0','1','0','0','0',0,'重複を省く'),(463,232,211,134,4,'','','1','','','3','勝利','勝利','1','0','0','3','0',0,'重複を省く'),(465,233,224,212,1,'','','0','','','1','勝利','勝利','1','0','0','3','0',0,'重複を省く'),(467,234,225,193,2,'','','0','','','2','勝利','勝利','1','0','0','3','0',0,'重複を省く'),(469,235,212,225,1,'','','1','','','0','引き分け','引き分け','0','0','1','1','0',0,'重複を省く'),(471,236,193,224,0,'','','3','','','-3','敗北','敗北','0','1','0','0','0',0,'重複を省く'),(473,237,193,212,0,'','','0','','','0','引き分け','引き分け','0','0','1','1','0',0,'重複を省く'),(475,238,225,224,1,'','','0','','','1','勝利','勝利','1','0','0','3','0',0,'重複を省く'),(477,239,211,227,0,'','','0','','','0','引き分け','引き分け','0','0','1','1','0',0,'重複を省く'),(479,240,229,171,0,'','','2','','','-2','敗北','敗北','0','1','0','0','0',0,'重複を省く'),(481,241,227,229,9,'','','0','','','9','勝利','勝利','1','0','0','3','0',0,'重複を省く'),(483,242,171,211,0,'','','0','','','0','引き分け','引き分け','0','0','1','1','0',0,'重複を省く'),(485,243,171,227,1,'','','1','','','0','引き分け','引き分け','0','0','1','1','0',0,'重複を省く'),(487,244,229,211,0,'','','3','','','-3','敗北','敗北','0','1','0','0','0',0,'重複を省く'),(489,245,214,137,0,'','','2','','','-2','敗北','敗北','0','1','0','0','0',0,'重複を省く'),(491,246,147,141,0,'','','0','','','0','引き分け','引き分け','0','0','1','1','0',0,'重複を省く'),(493,247,137,147,0,'','','0','','','0','引き分け','引き分け','0','0','1','1','0',0,'重複を省く'),(495,248,214,141,1,'','','1','','','0','引き分け','引き分け','0','0','1','1','0',0,'重複を省く'),(497,249,137,141,4,'','','1','','','3','勝利','勝利','1','0','0','3','0',0,'重複を省く'),(499,250,147,214,3,'','','0','','','3','勝利','勝利','1','0','0','3','0',0,'重複を省く'),(501,251,134,102,3,'','','1','','','2','勝利','勝利','1','0','0','3','0',0,'重複を省く'),(503,252,145,210,3,'','','2','','','1','勝利','勝利','1','0','0','3','0',0,'重複を省く'),(505,253,102,145,0,'','','7','','','-7','敗北','敗北','0','1','0','0','0',0,'重複を省く'),(507,254,210,134,1,'','','1','','','0','引き分け','引き分け','0','0','1','1','0',0,'重複を省く'),(509,255,210,102,4,'','','1','','','3','勝利','勝利','1','0','0','3','0',0,'重複を省く'),(511,256,145,134,2,'','','1','','','1','勝利','勝利','1','0','0','3','0',0,'重複を省く'),(513,257,211,225,1,'','','0','','','1','勝利','勝利','1','0','0','3','0',0,'重複を省く'),(515,258,137,210,4,'','','0','','','4','勝利','勝利','1','0','0','3','0',0,'重複を省く'),(517,259,225,137,0,'','','2','','','-2','敗北','敗北','0','1','0','0','0',0,'重複を省く'),(519,260,210,211,1,'','','2','','','-1','敗北','敗北','0','1','0','0','0',0,'重複を省く'),(521,261,210,225,1,'','','1','','','0','引き分け','引き分け','0','0','1','1','0',0,'重複を省く'),(523,262,137,211,2,'','','0','','','2','勝利','勝利','1','0','0','3','0',0,'重複を省く'),(525,263,227,224,0,'','','2','','','-2','敗北','敗北','0','1','0','0','0',0,'重複を省く'),(527,264,147,145,0,'','','1','','','-1','敗北','敗北','0','1','0','0','0',0,'重複を省く'),(529,265,224,147,4,'','','2','','','2','勝利','勝利','1','0','0','3','0',0,'重複を省く'),(531,266,145,227,2,'','','1','','','1','勝利','勝利','1','0','0','3','0',0,'重複を省く'),(533,267,145,224,0,'','','1','','','-1','敗北','敗北','0','1','0','0','0',0,'重複を省く'),(535,268,147,227,2,'','','1','','','1','勝利','勝利','1','0','0','3','0',0,'重複を省く'),(537,269,211,145,0,'','','1','','','-1','敗北','敗北','0','1','0','0','0',0,'重複を省く'),(539,270,137,224,1,'','','2','','','-1','敗北','敗北','0','1','0','0','0',0,'重複を省く'),(541,271,210,149,2,'','','1','','','1','勝利','勝利','1','0','0','3','0',0,'重複を省く'),(543,272,134,131,2,'','','1','','','1','勝利','勝利','1','0','0','3','0',0,'重複を省く'),(545,273,210,131,2,'','','1','','','1','勝利','勝利','1','0','0','3','0',0,'重複を省く'),(547,274,134,149,3,'','','1','','','2','勝利','勝利','1','0','0','3','0',0,'重複を省く'),(549,275,210,134,0,'','','1','','','-1','敗北','敗北','0','1','0','0','0',0,'重複を省く'),(551,276,131,149,3,'','','1','','','2','勝利','勝利','1','0','0','3','0',0,'重複を省く'),(553,277,224,145,0,'','','0','','','0','引き分け','引き分け','0','0','1','1','0',0,'重複を省く'),(555,278,5,190,3,'','','1','','','2','勝利','勝利','1','0','0','3','0',0,'重複を省く'),(557,279,145,5,1,'','','0','','','1','勝利','勝利','1','0','0','3','0',0,'重複を省く'),(559,280,224,190,6,'','','0','','','6','勝利','勝利','1','0','0','3','0',0,'重複を省く'),(561,281,145,190,3,'','','1','','','2','勝利','勝利','1','0','0','3','0',0,'重複を省く'),(563,282,224,5,0,'','','0','','','0','引き分け','引き分け','0','0','1','1','0',0,'重複を省く'),(565,283,124,129,2,'','','1','','','1','勝利','勝利','1','0','0','3','0',0,'重複を省く'),(567,284,211,147,1,'','','1','','','0','引き分け','引き分け','0','0','1','1','0',0,'重複を省く'),(569,285,124,147,1,'','','0','','','1','勝利','勝利','1','0','0','3','0',0,'重複を省く'),(571,286,211,129,0,'','','0','','','0','引き分け','引き分け','0','0','1','1','0',0,'重複を省く'),(573,287,129,147,1,'','','0','','','1','勝利','勝利','1','0','0','3','0',0,'重複を省く'),(575,288,211,124,1,'','','0','','','1','勝利','勝利','1','0','0','3','0',0,'重複を省く'),(577,289,217,171,3,'','','1','','','2','勝利','勝利','1','0','0','3','0',0,'重複を省く'),(579,290,137,178,3,'','','0','','','3','勝利','勝利','1','0','0','3','0',0,'重複を省く'),(581,291,171,178,1,'','','1','','','0','引き分け','引き分け','0','0','1','1','0',0,'重複を省く'),(583,292,137,217,0,'','','0','','','0','引き分け','引き分け','0','0','1','1','0',0,'重複を省く'),(585,293,217,178,4,'','','1','','','3','勝利','勝利','1','0','0','3','0',0,'重複を省く'),(587,294,171,137,3,'','','2','','','1','勝利','勝利','1','0','0','3','0',0,'重複を省く'),(589,295,134,224,0,'','','0','','','0','引き分け','引き分け','0','0','1','1','0',0,'重複を省く'),(591,296,124,137,1,'','','5','','','-4','敗北','敗北','0','1','0','0','0',0,'重複を省く'),(593,297,134,124,1,'','','0','','','1','勝利','勝利','1','0','0','3','0',0,'重複を省く'),(595,298,137,224,2,'','','2','','','0','引き分け','引き分け','0','0','1','1','0',0,'重複を省く'),(597,299,134,137,1,'','','2','','','-1','敗北','敗北','0','1','0','0','0',0,'重複を省く'),(599,300,124,224,3,'','','2','','','1','勝利','勝利','1','0','0','3','0',0,'重複を省く'),(601,301,210,145,2,'','','0','','','2','勝利','勝利','1','0','0','3','0',0,'重複を省く'),(603,302,217,211,0,'','','3','','','-3','敗北','敗北','0','1','0','0','0',0,'重複を省く'),(605,303,210,211,0,'','','0','','','0','引き分け','引き分け','0','0','1','1','0',0,'重複を省く'),(607,304,217,145,0,'','','1','','','-1','敗北','敗北','0','1','0','0','0',0,'重複を省く'),(609,305,210,217,6,'','','0','','','6','勝利','勝利','1','0','0','3','0',0,'重複を省く'),(611,306,145,211,1,'','','3','','','-2','敗北','敗北','0','1','0','0','0',0,'重複を省く'),(613,307,211,134,2,'','','1','','','1','勝利','勝利','1','0','0','3','0',0,'重複を省く'),(615,308,137,210,1,'1','','1','3','','0','敗北','引き分け','0','1','0','0','1',0,'重複を省く'),(617,309,134,145,0,'','','0','','','0','引き分け','引き分け','0','0','1','1','0',0,'重複を省く'),(619,310,217,22,0,'','','0','','','0','引き分け','引き分け','0','0','1','1','0',0,'重複を省く'),(621,311,134,217,1,'','','1','','','0','引き分け','引き分け','0','0','1','1','0',0,'重複を省く'),(623,312,145,22,0,'','','0','','','0','引き分け','引き分け','0','0','1','1','0',0,'重複を省く'),(625,313,145,217,5,'','','1','','','4','勝利','勝利','1','0','0','3','0',0,'重複を省く'),(627,314,134,22,1,'','','1','','','0','引き分け','引き分け','0','0','1','1','0',0,'重複を省く'),(629,315,224,1,1,'','','2','','','-1','敗北','敗北','0','1','0','0','0',0,'重複を省く'),(631,316,212,124,0,'','','1','','','-1','敗北','敗北','0','1','0','0','0',0,'重複を省く'),(633,317,224,212,4,'','','1','','','3','勝利','勝利','1','0','0','3','0',0,'重複を省く'),(635,318,1,124,0,'','','2','','','-2','敗北','敗北','0','1','0','0','0',0,'重複を省く'),(637,319,1,212,3,'','','2','','','1','勝利','勝利','1','0','0','3','0',0,'重複を省く'),(639,320,224,124,1,'','','0','','','1','勝利','勝利','1','0','0','3','0',0,'重複を省く'),(641,321,210,125,0,'','','1','','','-1','敗北','敗北','0','1','0','0','0',0,'重複を省く'),(643,322,149,119,10,'','','1','','','9','勝利','勝利','1','0','0','3','0',0,'重複を省く'),(645,323,210,149,4,'','','1','','','3','勝利','勝利','1','0','0','3','0',0,'重複を省く'),(647,324,125,119,1,'','','0','','','1','勝利','勝利','1','0','0','3','0',0,'重複を省く'),(649,325,125,149,1,'','','1','','','0','引き分け','引き分け','0','0','1','1','0',0,'重複を省く'),(651,326,210,119,2,'','','0','','','2','勝利','勝利','1','0','0','3','0',0,'重複を省く'),(653,327,170,131,3,'','','1','','','2','勝利','勝利','1','0','0','3','0',0,'重複を省く'),(655,328,223,181,1,'','','1','','','0','引き分け','引き分け','0','0','1','1','0',0,'重複を省く'),(657,329,170,223,2,'','','0','','','2','勝利','勝利','1','0','0','3','0',0,'重複を省く'),(659,330,131,181,4,'','','1','','','3','勝利','勝利','1','0','0','3','0',0,'重複を省く'),(661,331,131,223,1,'','','1','','','0','引き分け','引き分け','0','0','1','1','0',0,'重複を省く'),(663,332,170,181,1,'','','0','','','1','勝利','勝利','1','0','0','3','0',0,'重複を省く'),(665,333,129,117,1,'','','1','','','0','引き分け','引き分け','0','0','1','1','0',0,'重複を省く'),(667,334,227,173,0,'','','0','','','0','引き分け','引き分け','0','0','1','1','0',0,'重複を省く'),(669,335,129,227,2,'','','1','','','1','勝利','勝利','1','0','0','3','0',0,'重複を省く'),(671,336,117,173,1,'','','1','','','0','引き分け','引き分け','0','0','1','1','0',0,'重複を省く'),(673,337,117,227,0,'','','1','','','-1','敗北','敗北','0','1','0','0','0',0,'重複を省く'),(675,338,129,173,0,'','','1','','','-1','敗北','敗北','0','1','0','0','0',0,'重複を省く'),(677,339,211,226,2,'','','1','','','1','勝利','勝利','1','0','0','3','0',0,'重複を省く'),(679,340,171,200,5,'','','2','','','3','勝利','勝利','1','0','0','3','0',0,'重複を省く'),(681,341,211,171,4,'','','1','','','3','勝利','勝利','1','0','0','3','0',0,'重複を省く'),(683,342,226,200,3,'','','0','','','3','勝利','勝利','1','0','0','3','0',0,'重複を省く'),(685,343,226,171,2,'','','2','','','0','引き分け','引き分け','0','0','1','1','0',0,'重複を省く'),(687,344,211,200,4,'','','0','','','4','勝利','勝利','1','0','0','3','0',0,'重複を省く'),(689,345,145,125,3,'','','0','','','3','勝利','勝利','1','0','0','3','0',0,'重複を省く'),(691,346,125,226,0,'','','1','','','-1','敗北','敗北','0','1','0','0','0',0,'重複を省く'),(693,347,226,145,0,'','','0','','','0','引き分け','引き分け','0','0','1','1','0',0,'重複を省く'),(695,348,224,170,0,'','','0','','','0','引き分け','引き分け','0','0','1','1','0',0,'重複を省く'),(697,349,224,129,2,'','','1','','','1','勝利','勝利','1','0','0','3','0',0,'重複を省く'),(699,350,129,170,0,'','','0','','','0','引き分け','引き分け','0','0','1','1','0',0,'重複を省く'),(701,351,134,210,2,'','','1','','','1','勝利','勝利','1','0','0','3','0',0,'重複を省く'),(703,352,210,211,1,'','','3','','','-2','敗北','敗北','0','1','0','0','0',0,'重複を省く'),(705,353,134,211,3,'','','2','','','1','勝利','勝利','1','0','0','3','0',0,'重複を省く'),(707,354,124,131,0,'','','1','','','-1','敗北','敗北','0','1','0','0','0',0,'重複を省く'),(709,355,124,173,2,'','','2','','','0','引き分け','引き分け','0','0','1','1','0',0,'重複を省く'),(711,356,173,131,1,'','','4','','','-3','敗北','敗北','0','1','0','0','0',0,'重複を省く'),(713,357,145,134,0,'','','2','','','-2','敗北','敗北','0','1','0','0','0',0,'重複を省く'),(715,358,224,131,1,'3','5','1','3','4','0','勝利','引き分け','1','0','0','3','1',1,'重複を省く'),(717,359,145,131,3,'','','2','','','1','勝利','勝利','1','0','0','3','0',0,'重複を省く'),(719,360,134,224,3,'','','1','','','2','勝利','勝利','1','0','0','3','0',0,'重複を省く'),(721,361,141,134,1,'','','1','','','0','引き分け','引き分け','0','0','1','1','0',0,'重複を省く'),(723,362,210,74,3,'','','1','','','2','勝利','勝利','1','0','0','3','0',0,'重複を省く'),(725,363,134,210,1,'','','1','','','0','引き分け','引き分け','0','0','1','1','0',0,'重複を省く'),(727,364,74,141,1,'','','1','','','0','引き分け','引き分け','0','0','1','1','0',0,'重複を省く'),(729,365,74,134,2,'','','3','','','-1','敗北','敗北','0','1','0','0','0',0,'重複を省く'),(731,366,210,141,2,'','','0','','','2','勝利','勝利','1','0','0','3','0',0,'重複を省く'),(733,367,125,190,1,'','','2','','','-1','敗北','敗北','0','1','0','0','0',0,'重複を省く'),(735,368,213,179,1,'','','0','','','1','勝利','勝利','1','0','0','3','0',0,'重複を省く'),(737,369,190,213,1,'','','1','','','0','引き分け','引き分け','0','0','1','1','0',0,'重複を省く'),(739,370,179,125,1,'','','2','','','-1','敗北','敗北','0','1','0','0','0',0,'重複を省く'),(741,371,179,190,0,'','','1','','','-1','敗北','敗北','0','1','0','0','0',0,'重複を省く'),(743,372,213,125,2,'','','2','','','0','引き分け','引き分け','0','0','1','1','0',0,'重複を省く'),(745,373,192,131,0,'','','1','','','-1','敗北','敗北','0','1','0','0','0',0,'重複を省く'),(747,374,226,149,6,'','','0','','','6','勝利','勝利','1','0','0','3','0',0,'重複を省く'),(749,375,131,226,1,'','','1','','','0','引き分け','引き分け','0','0','1','1','0',0,'重複を省く'),(751,376,149,192,2,'','','0','','','2','勝利','勝利','1','0','0','3','0',0,'重複を省く'),(753,377,149,131,0,'','','3','','','-3','敗北','敗北','0','1','0','0','0',0,'重複を省く'),(755,378,226,192,2,'','','0','','','2','勝利','勝利','1','0','0','3','0',0,'重複を省く'),(757,379,129,211,0,'','','1','','','-1','敗北','敗北','0','1','0','0','0',0,'重複を省く'),(759,380,1,173,1,'','','1','','','0','引き分け','引き分け','0','0','1','1','0',0,'重複を省く'),(761,381,211,1,1,'','','0','','','1','勝利','勝利','1','0','0','3','0',0,'重複を省く'),(763,382,173,129,1,'','','2','','','-1','敗北','敗北','0','1','0','0','0',0,'重複を省く'),(765,383,173,211,0,'','','3','','','-3','敗北','敗北','0','1','0','0','0',0,'重複を省く'),(767,384,1,129,0,'','','3','','','-3','敗北','敗北','0','1','0','0','0',0,'重複を省く'),(769,385,214,224,1,'','','1','','','0','引き分け','引き分け','0','0','1','1','0',0,'重複を省く'),(771,386,171,142,0,'','','1','','','-1','敗北','敗北','0','1','0','0','0',0,'重複を省く'),(773,387,224,171,2,'','','1','','','1','勝利','勝利','1','0','0','3','0',0,'重複を省く'),(775,388,142,214,6,'','','1','','','5','勝利','勝利','1','0','0','3','0',0,'重複を省く'),(777,389,142,224,2,'','','0','','','2','勝利','勝利','1','0','0','3','0',0,'重複を省く'),(779,390,171,214,0,'','','0','','','0','引き分け','引き分け','0','0','1','1','0',0,'重複を省く'),(781,391,3,145,0,'','','0','','','0','引き分け','引き分け','0','0','1','1','0',0,'重複を省く'),(783,392,138,170,1,'','','0','','','1','勝利','勝利','1','0','0','3','0',0,'重複を省く'),(785,393,170,3,0,'','','0','','','0','引き分け','引き分け','0','0','1','1','0',0,'重複を省く'),(787,394,145,138,1,'','','0','','','1','勝利','勝利','1','0','0','3','0',0,'重複を省く'),(789,395,138,3,1,'','','3','','','-2','敗北','敗北','0','1','0','0','0',0,'重複を省く'),(791,396,170,145,3,'','','0','','','3','勝利','勝利','1','0','0','3','0',0,'重複を省く'),(793,397,190,141,2,'','','0','','','2','勝利','勝利','1','0','0','3','0',0,'重複を省く'),(795,398,226,125,2,'3','','2','4','','0','敗北','引き分け','0','1','0','0','1',0,'重複を省く'),(797,399,210,214,1,'','','0','','','1','勝利','勝利','1','0','0','3','0',0,'重複を省く'),(799,400,211,145,4,'','','0','','','4','勝利','勝利','1','0','0','3','0',0,'重複を省く'),(801,401,134,131,0,'','','2','','','-2','敗北','敗北','0','1','0','0','0',0,'重複を省く'),(803,402,3,224,0,'','','1','','','-1','敗北','敗北','0','1','0','0','0',0,'重複を省く'),(805,403,170,213,3,'','','0','','','3','勝利','勝利','1','0','0','3','0',0,'重複を省く'),(807,404,142,129,1,'','','5','','','-4','敗北','敗北','0','1','0','0','0',0,'重複を省く'),(809,405,211,131,1,'1','3','1','1','4','0','敗北','引き分け','0','1','0','0','1',1,'重複を省く'),(811,406,224,190,0,'0','4','0','0','1','0','勝利','引き分け','1','0','0','3','1',1,'重複を省く'),(813,407,129,125,1,'1','4','1','1','5','0','敗北','引き分け','0','1','0','0','1',1,'重複を省く'),(815,408,210,170,2,'','','1','','','1','勝利','勝利','1','0','0','3','0',0,'重複を省く'),(817,409,210,125,2,'','','0','','','2','勝利','勝利','1','0','0','3','0',0,'重複を省く'),(819,410,131,224,0,'','','2','','','-2','敗北','敗北','0','1','0','0','0',0,'重複を省く'),(821,411,131,125,2,'4','','2','2','','0','勝利','引き分け','1','0','0','3','1',0,'重複を省く'),(823,412,210,224,3,'','','2','','','1','勝利','勝利','1','0','0','3','0',0,'重複を省く'),(825,413,134,124,1,'','','0','','','1','勝利','勝利','1','0','0','3','0',0,'重複を省く'),(827,414,191,223,1,'','','5','','','-4','敗北','敗北','0','1','0','0','0',0,'重複を省く'),(829,415,134,191,1,'','','0','','','1','勝利','勝利','1','0','0','3','0',0,'重複を省く'),(831,416,124,223,0,'','','1','','','-1','敗北','敗北','0','1','0','0','0',0,'重複を省く'),(833,417,134,223,2,'','','0','','','2','勝利','勝利','1','0','0','3','0',0,'重複を省く'),(835,418,124,191,2,'','','1','','','1','勝利','勝利','1','0','0','3','0',0,'重複を省く'),(837,419,210,22,0,'','','1','','','-1','敗北','敗北','0','1','0','0','0',0,'重複を省く'),(839,420,226,146,0,'','','2','','','-2','敗北','敗北','0','1','0','0','0',0,'重複を省く'),(841,421,210,226,2,'','','0','','','2','勝利','勝利','1','0','0','3','0',0,'重複を省く'),(843,422,22,146,2,'','','1','','','1','勝利','勝利','1','0','0','3','0',0,'重複を省く'),(845,423,210,146,1,'','','1','','','0','引き分け','引き分け','0','0','1','1','0',0,'重複を省く'),(847,424,22,226,0,'','','4','','','-4','敗北','敗北','0','1','0','0','0',0,'重複を省く'),(849,425,211,147,2,'','','1','','','1','勝利','勝利','1','0','0','3','0',0,'重複を省く'),(851,426,118,171,1,'','','0','','','1','勝利','勝利','1','0','0','3','0',0,'重複を省く'),(853,427,211,118,1,'','','0','','','1','勝利','勝利','1','0','0','3','0',0,'重複を省く'),(855,428,147,171,1,'','','2','','','-1','敗北','敗北','0','1','0','0','0',0,'重複を省く'),(857,429,211,171,1,'','','0','','','1','勝利','勝利','1','0','0','3','0',0,'重複を省く'),(859,430,147,118,1,'','','2','','','-1','敗北','敗北','0','1','0','0','0',0,'重複を省く'),(861,431,188,215,0,'','','2','','','-2','敗北','敗北','0','1','0','0','0',0,'重複を省く'),(863,432,224,227,4,'','','1','','','3','勝利','勝利','1','0','0','3','0',0,'重複を省く'),(865,433,227,215,1,'','','0','','','1','勝利','勝利','1','0','0','3','0',0,'重複を省く'),(867,434,224,188,5,'','','1','','','4','勝利','勝利','1','0','0','3','0',0,'重複を省く'),(869,435,224,215,1,'','','1','','','0','引き分け','引き分け','0','0','1','1','0',0,'重複を省く'),(871,436,227,188,4,'','','1','','','3','勝利','勝利','1','0','0','3','0',0,'重複を省く'),(873,437,125,74,2,'','','0','','','2','勝利','勝利','1','0','0','3','0',0,'重複を省く'),(875,438,214,129,0,'','','0','','','0','引き分け','引き分け','0','0','1','1','0',0,'重複を省く'),(877,439,125,214,3,'','','1','','','2','勝利','勝利','1','0','0','3','0',0,'重複を省く'),(879,440,74,129,1,'','','3','','','-2','敗北','敗北','0','1','0','0','0',0,'重複を省く'),(881,441,125,129,1,'','','2','','','-1','敗北','敗北','0','1','0','0','0',0,'重複を省く'),(883,442,74,214,0,'','','1','','','-1','敗北','敗北','0','1','0','0','0',0,'重複を省く'),(885,443,170,133,1,'','','1','','','0','引き分け','引き分け','0','0','1','1','0',0,'重複を省く'),(887,444,137,2,1,'','','1','','','0','引き分け','引き分け','0','0','1','1','0',0,'重複を省く'),(889,445,170,137,0,'','','0','','','0','引き分け','引き分け','0','0','1','1','0',0,'重複を省く'),(891,446,133,2,0,'','','0','','','0','引き分け','引き分け','0','0','1','1','0',0,'重複を省く'),(893,447,170,2,1,'','','0','','','1','勝利','勝利','1','0','0','3','0',0,'重複を省く'),(895,448,133,137,1,'','','1','','','0','引き分け','引き分け','0','0','1','1','0',0,'重複を省く'),(897,449,22,215,0,'2','','0','1','','0','勝利','引き分け','1','0','0','3','1',0,'重複を省く'),(899,450,223,118,4,'','','1','','','3','勝利','勝利','1','0','0','3','0',0,'重複を省く'),(901,451,211,210,0,'','','1','','','-1','敗北','敗北','0','1','0','0','0',0,'重複を省く'),(903,452,224,137,2,'','','1','','','1','勝利','勝利','1','0','0','3','0',0,'重複を省く'),(905,453,133,146,0,'0','5','0','0','4','0','勝利','引き分け','1','0','0','3','1',1,'重複を省く'),(907,454,134,214,2,'','','0','','','2','勝利','勝利','1','0','0','3','0',0,'重複を省く'),(909,455,129,227,1,'1','','1','2','','0','敗北','引き分け','0','1','0','0','1',0,'重複を省く'),(911,456,170,125,0,'1','','0','0','','0','勝利','引き分け','1','0','0','3','1',0,'重複を省く'),(913,457,227,210,0,'0','2','0','0','3','0','敗北','引き分け','0','1','0','0','1',1,'重複を省く'),(915,458,134,133,1,'','','0','','','1','勝利','勝利','1','0','0','3','0',0,'重複を省く'),(917,459,224,223,1,'','','0','','','1','勝利','勝利','1','0','0','3','0',0,'重複を省く'),(919,460,170,22,2,'3','','2','2','','0','勝利','引き分け','1','0','0','3','1',0,'重複を省く'),(921,461,134,210,1,'1','3','1','1','4','0','敗北','引き分け','0','1','0','0','1',1,'重複を省く'),(923,462,224,170,0,'1','4','0','1','3','0','勝利','引き分け','1','0','0','3','1',1,'重複を省く'),(925,463,134,170,2,'','','1','','','1','勝利','勝利','1','0','0','3','0',0,'重複を省く'),(927,464,224,210,1,'','','0','','','1','勝利','勝利','1','0','0','3','0',0,'重複を省く'),(929,465,191,153,1,'','','1','','','0','引き分け','引き分け','0','0','1','1','0',0,'重複を省く'),(931,466,215,146,1,'','','3','','','-2','敗北','敗北','0','1','0','0','0',0,'重複を省く'),(933,467,146,153,1,'','','4','','','-3','敗北','敗北','0','1','0','0','0',0,'重複を省く'),(935,468,191,215,2,'','','1','','','1','勝利','勝利','1','0','0','3','0',0,'重複を省く'),(937,469,191,146,0,'','','1','','','-1','敗北','敗北','0','1','0','0','0',0,'重複を省く'),(939,470,153,215,0,'','','2','','','-2','敗北','敗北','0','1','0','0','0',0,'重複を省く'),(941,471,22,147,2,'','','2','','','0','引き分け','引き分け','0','0','1','1','0',0,'重複を省く'),(943,472,211,156,2,'','','0','','','2','勝利','勝利','1','0','0','3','0',0,'重複を省く'),(945,473,211,22,3,'','','0','','','3','勝利','勝利','1','0','0','3','0',0,'重複を省く'),(947,474,147,156,3,'','','1','','','2','勝利','勝利','1','0','0','3','0',0,'重複を省く'),(949,475,156,22,6,'','','1','','','5','勝利','勝利','1','0','0','3','0',0,'重複を省く'),(951,476,211,147,1,'','','1','','','0','引き分け','引き分け','0','0','1','1','0',0,'重複を省く'),(953,477,127,219,1,'','','0','','','1','勝利','勝利','1','0','0','3','0',0,'重複を省く'),(955,478,129,74,2,'','','2','','','0','引き分け','引き分け','0','0','1','1','0',0,'重複を省く'),(957,479,127,129,1,'','','1','','','0','引き分け','引き分け','0','0','1','1','0',0,'重複を省く'),(959,480,74,219,0,'','','0','','','0','引き分け','引き分け','0','0','1','1','0',0,'重複を省く'),(961,481,219,129,1,'','','3','','','-2','敗北','敗北','0','1','0','0','0',0,'重複を省く'),(963,482,127,74,3,'','','2','','','1','勝利','勝利','1','0','0','3','0',0,'重複を省く'),(965,483,210,132,4,'','','0','','','4','勝利','勝利','1','0','0','3','0',0,'重複を省く'),(967,484,20,141,3,'','','0','','','3','勝利','勝利','1','0','0','3','0',0,'重複を省く'),(969,485,210,20,2,'','','1','','','1','勝利','勝利','1','0','0','3','0',0,'重複を省く'),(971,486,132,141,0,'','','4','','','-4','敗北','敗北','0','1','0','0','0',0,'重複を省く'),(973,487,132,20,0,'','','2','','','-2','敗北','敗北','0','1','0','0','0',0,'重複を省く'),(975,488,210,141,0,'','','2','','','-2','敗北','敗北','0','1','0','0','0',0,'重複を省く'),(977,489,134,133,0,'','','1','','','-1','敗北','敗北','0','1','0','0','0',0,'重複を省く'),(979,490,160,190,1,'','','0','','','1','勝利','勝利','1','0','0','3','0',0,'重複を省く'),(981,491,134,160,1,'','','0','','','1','勝利','勝利','1','0','0','3','0',0,'重複を省く'),(983,492,190,133,2,'','','1','','','1','勝利','勝利','1','0','0','3','0',0,'重複を省く'),(985,493,133,160,0,'','','0','','','0','引き分け','引き分け','0','0','1','1','0',0,'重複を省く'),(987,494,134,190,1,'','','1','','','0','引き分け','引き分け','0','0','1','1','0',0,'重複を省く'),(989,495,125,3,1,'','','0','','','1','勝利','勝利','1','0','0','3','0',0,'重複を省く'),(991,496,137,186,2,'','','1','','','1','勝利','勝利','1','0','0','3','0',0,'重複を省く'),(993,497,125,137,1,'','','0','','','1','勝利','勝利','1','0','0','3','0',0,'重複を省く'),(995,498,186,3,2,'','','1','','','1','勝利','勝利','1','0','0','3','0',0,'重複を省く'),(997,499,3,137,1,'','','2','','','-1','敗北','敗北','0','1','0','0','0',0,'重複を省く'),(999,500,125,186,0,'','','1','','','-1','敗北','敗北','0','1','0','0','0',0,'重複を省く'),(1001,501,127,125,3,'','','2','','','1','勝利','勝利','1','0','0','3','0',0,'重複を省く'),(1003,502,129,153,3,'','','0','','','3','勝利','勝利','1','0','0','3','0',0,'重複を省く'),(1005,503,186,147,1,'','','3','','','-2','敗北','敗北','0','1','0','0','0',0,'重複を省く'),(1007,504,146,210,3,'','','2','','','1','勝利','勝利','1','0','0','3','0',0,'重複を省く'),(1009,505,137,133,2,'','','0','','','2','勝利','勝利','1','0','0','3','0',0,'重複を省く'),(1011,506,211,191,1,'','','0','','','1','勝利','勝利','1','0','0','3','0',0,'重複を省く'),(1013,507,20,134,1,'1','','1','2','','0','敗北','引き分け','0','1','0','0','1',0,'重複を省く'),(1015,508,190,141,1,'1','1','1','1','3','0','敗北','引き分け','0','1','0','0','1',1,'重複を省く'),(1017,509,134,129,2,'','','1','','','1','勝利','勝利','1','0','0','3','0',0,'重複を省く'),(1019,510,137,211,2,'','','3','','','-1','敗北','敗北','0','1','0','0','0',0,'重複を省く'),(1021,511,141,127,2,'','','1','','','1','勝利','勝利','1','0','0','3','0',0,'重複を省く'),(1023,512,146,147,1,'2','4','1','2','5','0','敗北','引き分け','0','1','0','0','1',1,'重複を省く'),(1025,513,141,134,1,'','','2','','','-1','敗北','敗北','0','1','0','0','0',0,'重複を省く'),(1027,514,147,211,0,'','','1','','','-1','敗北','敗北','0','1','0','0','0',0,'重複を省く'),(1029,515,147,141,4,'','','0','','','4','勝利','勝利','1','0','0','3','0',0,'重複を省く'),(1031,516,211,134,0,'0','3','0','0','2','0','勝利','引き分け','1','0','0','3','1',1,'重複を省く'),(1033,517,211,171,2,'','','1','','','1','勝利','勝利','1','0','0','3','0',0,'重複を省く'),(1035,518,3,160,2,'','','2','','','0','引き分け','引き分け','0','0','1','1','0',0,'重複を省く'),(1037,519,171,160,1,'','','1','','','0','引き分け','引き分け','0','0','1','1','0',0,'重複を省く'),(1039,520,211,3,3,'','','0','','','3','勝利','勝利','1','0','0','3','0',0,'重複を省く'),(1041,521,171,3,0,'','','3','','','-3','敗北','敗北','0','1','0','0','0',0,'重複を省く'),(1043,522,211,160,1,'','','2','','','-1','敗北','敗北','0','1','0','0','0',0,'重複を省く'),(1045,523,22,124,1,'','','1','','','0','引き分け','引き分け','0','0','1','1','0',0,'重複を省く'),(1047,524,134,212,2,'','','2','','','0','引き分け','引き分け','0','0','1','1','0',0,'重複を省く'),(1049,525,212,124,1,'','','1','','','0','引き分け','引き分け','0','0','1','1','0',0,'重複を省く'),(1051,526,134,22,3,'','','0','','','3','勝利','勝利','1','0','0','3','0',0,'重複を省く'),(1053,527,134,124,2,'','','1','','','1','勝利','勝利','1','0','0','3','0',0,'重複を省く'),(1055,528,212,22,1,'','','1','','','0','引き分け','引き分け','0','0','1','1','0',0,'重複を省く'),(1057,529,186,142,0,'','','1','','','-1','敗北','敗北','0','1','0','0','0',0,'重複を省く'),(1059,530,131,52,3,'','','0','','','3','勝利','勝利','1','0','0','3','0',0,'重複を省く'),(1061,531,131,186,4,'','','0','','','4','勝利','勝利','1','0','0','3','0',0,'重複を省く'),(1063,532,52,142,1,'','','1','','','0','引き分け','引き分け','0','0','1','1','0',0,'重複を省く'),(1065,533,131,142,2,'','','1','','','1','勝利','勝利','1','0','0','3','0',0,'重複を省く'),(1067,534,52,186,2,'','','2','','','0','引き分け','引き分け','0','0','1','1','0',0,'重複を省く'),(1069,535,213,141,0,'','','0','','','0','引き分け','引き分け','0','0','1','1','0',0,'重複を省く'),(1071,536,129,20,2,'','','3','','','-1','敗北','敗北','0','1','0','0','0',0,'重複を省く'),(1073,537,20,141,1,'','','0','','','1','勝利','勝利','1','0','0','3','0',0,'重複を省く'),(1075,538,129,213,0,'','','0','','','0','引き分け','引き分け','0','0','1','1','0',0,'重複を省く'),(1077,539,129,141,6,'','','1','','','5','勝利','勝利','1','0','0','3','0',0,'重複を省く'),(1079,540,20,213,1,'','','3','','','-2','敗北','敗北','0','1','0','0','0',0,'重複を省く'),(1081,541,137,125,0,'','','0','','','0','引き分け','引き分け','0','0','1','1','0',0,'重複を省く'),(1083,542,74,190,1,'','','3','','','-2','敗北','敗北','0','1','0','0','0',0,'重複を省く'),(1085,543,137,74,5,'','','0','','','5','勝利','勝利','1','0','0','3','0',0,'重複を省く'),(1087,544,125,190,2,'','','2','','','0','引き分け','引き分け','0','0','1','1','0',0,'重複を省く'),(1089,545,125,74,1,'','','1','','','0','引き分け','引き分け','0','0','1','1','0',0,'重複を省く'),(1091,546,137,190,2,'','','2','','','0','引き分け','引き分け','0','0','1','1','0',0,'重複を省く'),(1093,547,227,178,1,'','','0','','','1','勝利','勝利','1','0','0','3','0',0,'重複を省く'),(1095,548,127,191,2,'','','0','','','2','勝利','勝利','1','0','0','3','0',0,'重複を省く'),(1097,549,127,227,2,'','','2','','','0','引き分け','引き分け','0','0','1','1','0',0,'重複を省く'),(1099,550,191,178,1,'','','2','','','-1','敗北','敗北','0','1','0','0','0',0,'重複を省く'),(1101,551,127,178,2,'','','0','','','2','勝利','勝利','1','0','0','3','0',0,'重複を省く'),(1103,552,191,227,0,'','','1','','','-1','敗北','敗北','0','1','0','0','0',0,'重複を省く'),(1105,553,146,215,1,'','','0','','','1','勝利','勝利','1','0','0','3','0',0,'重複を省く'),(1107,554,170,5,2,'','','0','','','2','勝利','勝利','1','0','0','3','0',0,'重複を省く'),(1109,555,215,5,1,'','','0','','','1','勝利','勝利','1','0','0','3','0',0,'重複を省く'),(1111,556,146,170,2,'','','1','','','1','勝利','勝利','1','0','0','3','0',0,'重複を省く'),(1113,557,146,5,1,'','','1','','','0','引き分け','引き分け','0','0','1','1','0',0,'重複を省く'),(1115,558,215,170,0,'','','2','','','-2','敗北','敗北','0','1','0','0','0',0,'重複を省く'),(1117,559,103,154,1,'','','3','','','-2','敗北','敗北','0','1','0','0','0',0,'重複を省く'),(1119,560,210,72,1,'','','0','','','1','勝利','勝利','1','0','0','3','0',0,'重複を省く'),(1121,561,72,154,0,'','','1','','','-1','敗北','敗北','0','1','0','0','0',0,'重複を省く'),(1123,562,210,103,5,'','','0','','','5','勝利','勝利','1','0','0','3','0',0,'重複を省く'),(1125,563,72,103,1,'','','2','','','-1','敗北','敗北','0','1','0','0','0',0,'重複を省く'),(1127,564,210,154,1,'','','0','','','1','勝利','勝利','1','0','0','3','0',0,'重複を省く'),(1129,565,211,212,4,'','','1','','','3','勝利','勝利','1','0','0','3','0',0,'重複を省く'),(1131,566,134,160,1,'','','0','','','1','勝利','勝利','1','0','0','3','0',0,'重複を省く'),(1133,567,20,142,1,'','','4','','','-3','敗北','敗北','0','1','0','0','0',0,'重複を省く'),(1135,568,131,213,0,'1','','0','0','','0','勝利','引き分け','1','0','0','3','1',0,'重複を省く'),(1137,569,127,190,2,'','','1','','','1','勝利','勝利','1','0','0','3','0',0,'重複を省く'),(1139,570,137,227,2,'','','1','','','1','勝利','勝利','1','0','0','3','0',0,'重複を省く'),(1141,571,210,170,2,'2','4','2','2','3','0','勝利','引き分け','1','0','0','3','1',1,'重複を省く'),(1143,572,146,154,0,'','','1','','','-1','敗北','敗北','0','1','0','0','0',0,'重複を省く'),(1145,573,134,131,0,'0','3','0','0','4','0','敗北','引き分け','0','1','0','0','1',1,'重複を省く'),(1147,574,211,142,3,'','','2','','','1','勝利','勝利','1','0','0','3','0',0,'重複を省く'),(1149,575,127,154,0,'','','3','','','-3','敗北','敗北','0','1','0','0','0',0,'重複を省く'),(1151,576,137,210,2,'','','1','','','1','勝利','勝利','1','0','0','3','0',0,'重複を省く'),(1153,577,211,137,1,'1','4','1','1','2','0','勝利','引き分け','1','0','0','3','1',1,'重複を省く'),(1155,578,131,154,2,'','','1','','','1','勝利','勝利','1','0','0','3','0',0,'重複を省く'),(1157,579,137,154,1,'','','2','','','-1','敗北','敗北','0','1','0','0','0',0,'重複を省く'),(1159,580,211,131,0,'','','3','','','-3','敗北','敗北','0','1','0','0','0',0,'重複を省く'),(1161,581,131,13,0,'','','1','','','-1','敗北','敗北','0','1','0','0','0',0,'重複を省く'),(1163,582,214,142,1,'','','2','','','-1','敗北','敗北','0','1','0','0','0',0,'重複を省く'),(1165,583,131,214,0,'','','0','','','0','引き分け','引き分け','0','0','1','1','0',0,'重複を省く'),(1167,584,142,13,1,'','','1','','','0','引き分け','引き分け','0','0','1','1','0',0,'重複を省く'),(1169,585,142,131,2,'','','0','','','2','勝利','勝利','1','0','0','3','0',0,'重複を省く'),(1171,586,13,214,3,'','','3','','','0','引き分け','引き分け','0','0','1','1','0',0,'重複を省く'),(1173,587,213,52,2,'','','2','','','0','引き分け','引き分け','0','0','1','1','0',0,'重複を省く'),(1175,588,129,140,3,'','','1','','','2','勝利','勝利','1','0','0','3','0',0,'重複を省く'),(1177,589,129,213,3,'','','1','','','2','勝利','勝利','1','0','0','3','0',0,'重複を省く'),(1179,590,52,140,1,'','','0','','','1','勝利','勝利','1','0','0','3','0',0,'重複を省く'),(1181,591,52,129,2,'','','3','','','-1','敗北','敗北','0','1','0','0','0',0,'重複を省く'),(1183,592,140,213,1,'','','3','','','-2','敗北','敗北','0','1','0','0','0',0,'重複を省く'),(1185,593,211,157,2,'','','1','','','1','勝利','勝利','1','0','0','3','0',0,'重複を省く'),(1187,594,70,118,0,'','','2','','','-2','敗北','敗北','0','1','0','0','0',0,'重複を省く'),(1189,595,211,70,4,'','','0','','','4','勝利','勝利','1','0','0','3','0',0,'重複を省く'),(1191,596,118,157,1,'','','1','','','0','引き分け','引き分け','0','0','1','1','0',0,'重複を省く'),(1193,597,118,211,2,'','','5','','','-3','敗北','敗北','0','1','0','0','0',0,'重複を省く'),(1195,598,157,70,3,'','','0','','','3','勝利','勝利','1','0','0','3','0',0,'重複を省く'),(1197,599,74,145,2,'','','0','','','2','勝利','勝利','1','0','0','3','0',0,'重複を省く'),(1199,600,191,138,3,'','','2','','','1','勝利','勝利','1','0','0','3','0',0,'重複を省く'),(1201,601,74,191,1,'','','1','','','0','引き分け','引き分け','0','0','1','1','0',0,'重複を省く'),(1203,602,138,145,4,'','','0','','','4','勝利','勝利','1','0','0','3','0',0,'重複を省く'),(1205,603,138,74,0,'','','1','','','-1','敗北','敗北','0','1','0','0','0',0,'重複を省く'),(1207,604,145,191,3,'','','1','','','2','勝利','勝利','1','0','0','3','0',0,'重複を省く'),(1209,605,133,22,1,'','','1','','','0','引き分け','引き分け','0','0','1','1','0',0,'重複を省く'),(1211,606,127,186,8,'','','0','','','8','勝利','勝利','1','0','0','3','0',0,'重複を省く'),(1213,607,127,133,1,'','','1','','','0','引き分け','引き分け','0','0','1','1','0',0,'重複を省く'),(1215,608,22,186,1,'','','0','','','1','勝利','勝利','1','0','0','3','0',0,'重複を省く'),(1217,609,22,127,0,'','','2','','','-2','敗北','敗北','0','1','0','0','0',0,'重複を省く'),(1219,610,186,133,0,'','','3','','','-3','敗北','敗北','0','1','0','0','0',0,'重複を省く'),(1221,611,170,147,1,'','','1','','','0','引き分け','引き分け','0','0','1','1','0',0,'重複を省く'),(1223,612,210,20,1,'','','0','','','1','勝利','勝利','1','0','0','3','0',0,'重複を省く'),(1225,613,147,20,2,'','','1','','','1','勝利','勝利','1','0','0','3','0',0,'重複を省く'),(1227,614,210,170,0,'','','1','','','-1','敗北','敗北','0','1','0','0','0',0,'重複を省く'),(1229,615,147,210,1,'','','1','','','0','引き分け','引き分け','0','0','1','1','0',0,'重複を省く'),(1231,616,20,170,0,'','','0','','','0','引き分け','引き分け','0','0','1','1','0',0,'重複を省く'),(1233,617,154,190,0,'','','1','','','-1','敗北','敗北','0','1','0','0','0',0,'重複を省く'),(1235,618,134,216,2,'','','0','','','2','勝利','勝利','1','0','0','3','0',0,'重複を省く'),(1237,619,134,154,1,'','','2','','','-1','敗北','敗北','0','1','0','0','0',0,'重複を省く'),(1239,620,190,216,2,'','','1','','','1','勝利','勝利','1','0','0','3','0',0,'重複を省く'),(1241,621,190,134,1,'','','1','','','0','引き分け','引き分け','0','0','1','1','0',0,'重複を省く'),(1243,622,216,154,1,'','','0','','','1','勝利','勝利','1','0','0','3','0',0,'重複を省く'),(1245,623,72,125,2,'','','2','','','0','引き分け','引き分け','0','0','1','1','0',0,'重複を省く'),(1247,624,156,5,2,'','','0','','','2','勝利','勝利','1','0','0','3','0',0,'重複を省く'),(1249,625,72,156,1,'','','0','','','1','勝利','勝利','1','0','0','3','0',0,'重複を省く'),(1251,626,5,125,1,'','','1','','','0','引き分け','引き分け','0','0','1','1','0',0,'重複を省く'),(1253,627,5,72,0,'','','2','','','-2','敗北','敗北','0','1','0','0','0',0,'重複を省く'),(1255,628,125,156,3,'','','2','','','1','勝利','勝利','1','0','0','3','0',0,'重複を省く'),(1257,629,127,213,1,'','','0','','','1','勝利','勝利','1','0','0','3','0',0,'重複を省く'),(1259,630,142,170,0,'','','3','','','-3','敗北','敗北','0','1','0','0','0',0,'重複を省く'),(1261,631,147,13,1,'1','','1','2','','0','敗北','引き分け','0','1','0','0','1',0,'重複を省く'),(1263,632,129,133,1,'1','3','1','1','2','0','勝利','引き分け','1','0','0','3','1',1,'重複を省く'),(1265,633,190,191,0,'','','2','','','-2','敗北','敗北','0','1','0','0','0',0,'重複を省く'),(1267,634,211,125,2,'','','0','','','2','勝利','勝利','1','0','0','3','0',0,'重複を省く'),(1269,635,72,157,0,'','','1','','','-1','敗北','敗北','0','1','0','0','0',0,'重複を省く'),(1271,636,74,134,1,'2','','1','1','','0','勝利','引き分け','1','0','0','3','1',0,'重複を省く'),(1273,637,170,211,1,'','','2','','','-1','敗北','敗北','0','1','0','0','0',0,'重複を省く'),(1275,638,127,191,1,'','','0','','','1','勝利','勝利','1','0','0','3','0',0,'重複を省く'),(1277,639,129,74,0,'0','3','0','0','5','0','敗北','引き分け','0','1','0','0','1',1,'重複を省く'),(1279,640,13,157,0,'0','','0','1','','0','敗北','引き分け','0','1','0','0','1',0,'重複を省く'),(1281,641,127,74,1,'','','0','','','1','勝利','勝利','1','0','0','3','0',0,'重複を省く'),(1283,642,211,157,1,'','','0','','','1','勝利','勝利','1','0','0','3','0',0,'重複を省く'),(1285,643,74,157,2,'','','3','','','-1','敗北','敗北','0','1','0','0','0',0,'重複を省く'),(1287,644,127,211,0,'','','2','','','-2','敗北','敗北','0','1','0','0','0',0,'重複を省く'),(1289,645,127,118,4,'','','2','','','2','勝利','勝利','1','0','0','3','0',0,'重複を省く'),(1291,646,145,216,0,'','','2','','','-2','敗北','敗北','0','1','0','0','0',0,'重複を省く'),(1293,647,127,145,1,'','','0','','','1','勝利','勝利','1','0','0','3','0',0,'重複を省く'),(1295,648,216,118,3,'','','0','','','3','勝利','勝利','1','0','0','3','0',0,'重複を省く'),(1297,649,216,127,0,'','','3','','','-3','敗北','敗北','0','1','0','0','0',0,'重複を省く'),(1299,650,118,145,1,'','','2','','','-1','敗北','敗北','0','1','0','0','0',0,'重複を省く'),(1301,651,170,213,1,'','','0','','','1','勝利','勝利','1','0','0','3','0',0,'重複を省く'),(1303,652,109,147,0,'','','0','','','0','引き分け','引き分け','0','0','1','1','0',0,'重複を省く'),(1305,653,170,109,2,'','','0','','','2','勝利','勝利','1','0','0','3','0',0,'重複を省く'),(1307,654,147,213,1,'','','0','','','1','勝利','勝利','1','0','0','3','0',0,'重複を省く'),(1309,655,147,170,2,'','','2','','','0','引き分け','引き分け','0','0','1','1','0',0,'重複を省く'),(1311,656,213,109,2,'','','0','','','2','勝利','勝利','1','0','0','3','0',0,'重複を省く'),(1313,657,210,17,2,'','','1','','','1','勝利','勝利','1','0','0','3','0',0,'重複を省く'),(1315,658,155,137,0,'','','1','','','-1','敗北','敗北','0','1','0','0','0',0,'重複を省く'),(1317,659,210,155,6,'','','0','','','6','勝利','勝利','1','0','0','3','0',0,'重複を省く'),(1319,660,137,17,2,'','','1','','','1','勝利','勝利','1','0','0','3','0',0,'重複を省く'),(1321,661,137,210,0,'','','0','','','0','引き分け','引き分け','0','0','1','1','0',0,'重複を省く'),(1323,662,17,155,3,'','','2','','','1','勝利','勝利','1','0','0','3','0',0,'重複を省く'),(1325,663,190,178,3,'','','1','','','2','勝利','勝利','1','0','0','3','0',0,'重複を省く'),(1327,664,42,138,0,'','','1','','','-1','敗北','敗北','0','1','0','0','0',0,'重複を省く'),(1329,665,190,42,0,'','','0','','','0','引き分け','引き分け','0','0','1','1','0',0,'重複を省く'),(1331,666,138,178,2,'','','0','','','2','勝利','勝利','1','0','0','3','0',0,'重複を省く'),(1333,667,138,190,2,'','','1','','','1','勝利','勝利','1','0','0','3','0',0,'重複を省く'),(1335,668,178,42,1,'','','1','','','0','引き分け','引き分け','0','0','1','1','0',0,'重複を省く'),(1337,669,134,18,2,'','','0','','','2','勝利','勝利','1','0','0','3','0',0,'重複を省く'),(1339,670,191,148,0,'','','3','','','-3','敗北','敗北','0','1','0','0','0',0,'重複を省く'),(1341,671,134,191,1,'','','1','','','0','引き分け','引き分け','0','0','1','1','0',0,'重複を省く'),(1343,672,148,18,0,'','','2','','','-2','敗北','敗北','0','1','0','0','0',0,'重複を省く'),(1345,673,148,134,0,'','','2','','','-2','敗北','敗北','0','1','0','0','0',0,'重複を省く'),(1347,674,18,191,2,'','','1','','','1','勝利','勝利','1','0','0','3','0',0,'重複を省く'),(1349,675,211,154,1,'','','0','','','1','勝利','勝利','1','0','0','3','0',0,'重複を省く'),(1351,676,193,72,3,'','','1','','','2','勝利','勝利','1','0','0','3','0',0,'重複を省く'),(1353,677,211,193,2,'','','0','','','2','勝利','勝利','1','0','0','3','0',0,'重複を省く'),(1355,678,72,154,0,'','','0','','','0','引き分け','引き分け','0','0','1','1','0',0,'重複を省く'),(1357,679,72,211,1,'','','4','','','-3','敗北','敗北','0','1','0','0','0',0,'重複を省く'),(1359,680,154,193,2,'','','2','','','0','引き分け','引き分け','0','0','1','1','0',0,'重複を省く'),(1361,681,131,153,0,'','','0','','','0','引き分け','引き分け','0','0','1','1','0',0,'重複を省く'),(1363,682,74,21,2,'','','1','','','1','勝利','勝利','1','0','0','3','0',0,'重複を省く'),(1365,683,131,74,1,'','','1','','','0','引き分け','引き分け','0','0','1','1','0',0,'重複を省く'),(1367,684,21,153,0,'','','2','','','-2','敗北','敗北','0','1','0','0','0',0,'重複を省く'),(1369,685,21,131,0,'','','2','','','-2','敗北','敗北','0','1','0','0','0',0,'重複を省く'),(1371,686,153,74,2,'','','0','','','2','勝利','勝利','1','0','0','3','0',0,'重複を省く'),(1373,687,129,158,4,'','','0','','','4','勝利','勝利','1','0','0','3','0',0,'重複を省く'),(1375,688,5,186,2,'','','2','','','0','引き分け','引き分け','0','0','1','1','0',0,'重複を省く'),(1377,689,129,5,3,'','','1','','','2','勝利','勝利','1','0','0','3','0',0,'重複を省く'),(1379,690,186,158,0,'','','4','','','-4','敗北','敗北','0','1','0','0','0',0,'重複を省く'),(1381,691,186,129,0,'','','1','','','-1','敗北','敗北','0','1','0','0','0',0,'重複を省く'),(1383,692,158,5,1,'','','0','','','1','勝利','勝利','1','0','0','3','0',0,'重複を省く'),(1385,693,127,147,2,'','','0','','','2','勝利','勝利','1','0','0','3','0',0,'重複を省く'),(1387,694,210,190,1,'2','','1','1','','0','勝利','引き分け','1','0','0','3','1',0,'重複を省く'),(1389,695,170,216,1,'','','0','','','1','勝利','勝利','1','0','0','3','0',0,'重複を省く'),(1391,696,138,137,1,'','','0','','','1','勝利','勝利','1','0','0','3','0',0,'重複を省く'),(1393,697,134,193,1,'','','0','','','1','勝利','勝利','1','0','0','3','0',0,'重複を省く'),(1395,698,153,158,0,'0','0','0','0','3','0','敗北','引き分け','0','1','0','0','1',1,'重複を省く'),(1397,699,211,18,3,'','','0','','','3','勝利','勝利','1','0','0','3','0',0,'重複を省く'),(1399,700,129,131,1,'','','3','','','-2','敗北','敗北','0','1','0','0','0',0,'重複を省く'),(1401,701,127,210,1,'1','4','1','1','2','0','勝利','引き分け','1','0','0','3','1',1,'重複を省く'),(1403,702,134,158,3,'','','0','','','3','勝利','勝利','1','0','0','3','0',0,'重複を省く'),(1405,703,170,138,0,'0','1','0','0','3','0','敗北','引き分け','0','1','0','0','1',1,'重複を省く'),(1407,704,211,131,0,'','','1','','','-1','敗北','敗北','0','1','0','0','0',0,'重複を省く'),(1409,705,127,134,0,'0','','0','2','','0','敗北','引き分け','0','1','0','0','1',0,'重複を省く'),(1411,706,138,131,0,'','','1','','','-1','敗北','敗北','0','1','0','0','0',0,'重複を省く'),(1413,707,127,138,3,'','','1','','','2','勝利','勝利','1','0','0','3','0',0,'重複を省く'),(1415,708,134,131,1,'1','5','1','1','3','0','勝利','引き分け','1','0','0','3','1',1,'重複を省く'),(1417,709,52,190,1,'','','1','','','0','引き分け','引き分け','0','0','1','1','0',0,'重複を省く'),(1419,710,214,131,0,'','','0','','','0','引き分け','引き分け','0','0','1','1','0',0,'重複を省く'),(1421,711,52,214,0,'','','3','','','-3','敗北','敗北','0','1','0','0','0',0,'重複を省く'),(1423,712,131,190,0,'','','2','','','-2','敗北','敗北','0','1','0','0','0',0,'重複を省く'),(1425,713,190,214,0,'','','1','','','-1','敗北','敗北','0','1','0','0','0',0,'重複を省く'),(1427,714,131,52,1,'','','2','','','-1','敗北','敗北','0','1','0','0','0',0,'重複を省く'),(1429,715,74,132,2,'','','0','','','2','勝利','勝利','1','0','0','3','0',0,'重複を省く'),(1431,716,210,20,1,'','','0','','','1','勝利','勝利','1','0','0','3','0',0,'重複を省く'),(1433,717,210,74,4,'','','1','','','3','勝利','勝利','1','0','0','3','0',0,'重複を省く'),(1435,718,132,20,2,'','','1','','','1','勝利','勝利','1','0','0','3','0',0,'重複を省く'),(1437,719,20,74,2,'','','2','','','0','引き分け','引き分け','0','0','1','1','0',0,'重複を省く'),(1439,720,132,210,0,'','','2','','','-2','敗北','敗北','0','1','0','0','0',0,'重複を省く'),(1441,721,170,191,1,'','','1','','','0','引き分け','引き分け','0','0','1','1','0',0,'重複を省く'),(1443,722,1,140,0,'','','1','','','-1','敗北','敗北','0','1','0','0','0',0,'重複を省く'),(1445,723,140,191,2,'','','2','','','0','引き分け','引き分け','0','0','1','1','0',0,'重複を省く'),(1447,724,170,1,0,'','','0','','','0','引き分け','引き分け','0','0','1','1','0',0,'重複を省く'),(1449,725,191,1,1,'','','0','','','1','勝利','勝利','1','0','0','3','0',0,'重複を省く'),(1451,726,140,170,0,'','','1','','','-1','敗北','敗北','0','1','0','0','0',0,'重複を省く'),(1453,727,155,18,0,'','','1','','','-1','敗北','敗北','0','1','0','0','0',0,'重複を省く'),(1455,728,127,193,4,'','','0','','','4','勝利','勝利','1','0','0','3','0',0,'重複を省く'),(1457,729,127,155,0,'','','1','','','-1','敗北','敗北','0','1','0','0','0',0,'重複を省く'),(1459,730,18,193,1,'','','1','','','0','引き分け','引き分け','0','0','1','1','0',0,'重複を省く'),(1461,731,193,155,2,'','','1','','','1','勝利','勝利','1','0','0','3','0',0,'重複を省く'),(1463,732,18,127,0,'','','1','','','-1','敗北','敗北','0','1','0','0','0',0,'重複を省く'),(1465,733,137,142,2,'','','0','','','2','勝利','勝利','1','0','0','3','0',0,'重複を省く'),(1467,734,72,22,1,'','','0','','','1','勝利','勝利','1','0','0','3','0',0,'重複を省く'),(1469,735,137,72,1,'','','0','','','1','勝利','勝利','1','0','0','3','0',0,'重複を省く'),(1471,736,22,142,1,'','','2','','','-1','敗北','敗北','0','1','0','0','0',0,'重複を省く'),(1473,737,142,72,1,'','','3','','','-2','敗北','敗北','0','1','0','0','0',0,'重複を省く'),(1475,738,22,137,1,'','','2','','','-1','敗北','敗北','0','1','0','0','0',0,'重複を省く'),(1477,739,134,213,1,'','','1','','','0','引き分け','引き分け','0','0','1','1','0',0,'重複を省く'),(1479,740,200,139,1,'','','1','','','0','引き分け','引き分け','0','0','1','1','0',0,'重複を省く'),(1481,741,139,213,0,'','','2','','','-2','敗北','敗北','0','1','0','0','0',0,'重複を省く'),(1483,742,134,200,1,'','','1','','','0','引き分け','引き分け','0','0','1','1','0',0,'重複を省く'),(1485,743,139,134,3,'','','2','','','1','勝利','勝利','1','0','0','3','0',0,'重複を省く'),(1487,744,213,200,0,'','','0','','','0','引き分け','引き分け','0','0','1','1','0',0,'重複を省く'),(1489,745,17,138,0,'','','0','','','0','引き分け','引き分け','0','0','1','1','0',0,'重複を省く'),(1491,746,211,73,2,'','','1','','','1','勝利','勝利','1','0','0','3','0',0,'重複を省く'),(1493,747,211,17,3,'','','1','','','2','勝利','勝利','1','0','0','3','0',0,'重複を省く'),(1495,748,138,73,7,'','','0','','','7','勝利','勝利','1','0','0','3','0',0,'重複を省く'),(1497,749,138,211,0,'','','0','','','0','引き分け','引き分け','0','0','1','1','0',0,'重複を省く'),(1499,750,73,17,0,'','','3','','','-3','敗北','敗北','0','1','0','0','0',0,'重複を省く'),(1501,751,117,212,0,'','','1','','','-1','敗北','敗北','0','1','0','0','0',0,'重複を省く'),(1503,752,129,153,0,'','','1','','','-1','敗北','敗北','0','1','0','0','0',0,'重複を省く'),(1505,753,212,153,1,'','','0','','','1','勝利','勝利','1','0','0','3','0',0,'重複を省く'),(1507,754,129,117,2,'','','0','','','2','勝利','勝利','1','0','0','3','0',0,'重複を省く'),(1509,755,212,129,1,'','','2','','','-1','敗北','敗北','0','1','0','0','0',0,'重複を省く'),(1511,756,153,117,0,'','','0','','','0','引き分け','引き分け','0','0','1','1','0',0,'重複を省く'),(1513,757,214,74,2,'','','1','','','1','勝利','勝利','1','0','0','3','0',0,'重複を省く'),(1515,758,191,18,1,'1','','1','2','','0','敗北','引き分け','0','1','0','0','1',0,'重複を省く'),(1517,759,127,170,4,'','','1','','','3','勝利','勝利','1','0','0','3','0',0,'重複を省く'),(1519,760,210,190,3,'','','1','','','2','勝利','勝利','1','0','0','3','0',0,'重複を省く'),(1521,761,137,139,2,'','','1','','','1','勝利','勝利','1','0','0','3','0',0,'重複を省く'),(1523,762,211,212,3,'','','0','','','3','勝利','勝利','1','0','0','3','0',0,'重複を省く'),(1525,763,213,72,0,'0','5','0','0','3','0','勝利','引き分け','1','0','0','3','1',1,'重複を省く'),(1527,764,129,138,1,'','','0','','','1','勝利','勝利','1','0','0','3','0',0,'重複を省く'),(1529,765,137,211,2,'','','1','','','1','勝利','勝利','1','0','0','3','0',0,'重複を省く'),(1531,766,214,18,1,'1','4','1','1','2','0','勝利','引き分け','1','0','0','3','1',1,'重複を省く'),(1533,767,210,127,0,'','','4','','','-4','敗北','敗北','0','1','0','0','0',0,'重複を省く'),(1535,768,213,129,0,'','','1','','','-1','敗北','敗北','0','1','0','0','0',0,'重複を省く'),(1537,769,214,137,2,'','','3','','','-1','敗北','敗北','0','1','0','0','0',0,'重複を省く'),(1539,770,127,129,0,'','','1','','','-1','敗北','敗北','0','1','0','0','0',0,'重複を省く'),(1541,771,214,127,2,'','','3','','','-1','敗北','敗北','0','1','0','0','0',0,'重複を省く'),(1543,772,137,129,0,'0','','0','1','','0','敗北','引き分け','0','1','0','0','1',0,'重複を省く'),(1545,773,211,154,3,'','','1','','','2','勝利','勝利','1','0','0','3','0',0,'重複を省く'),(1547,774,190,22,1,'','','0','','','1','勝利','勝利','1','0','0','3','0',0,'重複を省く'),(1549,775,211,190,0,'','','0','','','0','引き分け','引き分け','0','0','1','1','0',0,'重複を省く'),(1551,776,22,154,0,'','','4','','','-4','敗北','敗北','0','1','0','0','0',0,'重複を省く'),(1553,777,22,211,1,'','','4','','','-3','敗北','敗北','0','1','0','0','0',0,'重複を省く'),(1555,778,154,190,1,'','','3','','','-2','敗北','敗北','0','1','0','0','0',0,'重複を省く'),(1557,779,129,137,1,'','','5','','','-4','敗北','敗北','0','1','0','0','0',0,'重複を省く'),(1559,780,212,193,3,'','','1','','','2','勝利','勝利','1','0','0','3','0',0,'重複を省く'),(1561,781,129,212,0,'','','2','','','-2','敗北','敗北','0','1','0','0','0',0,'重複を省く'),(1563,782,193,137,2,'','','3','','','-1','敗北','敗北','0','1','0','0','0',0,'重複を省く'),(1565,783,193,129,0,'','','3','','','-3','敗北','敗北','0','1','0','0','0',0,'重複を省く'),(1567,784,137,212,2,'','','0','','','2','勝利','勝利','1','0','0','3','0',0,'重複を省く'),(1569,785,215,132,3,'','','0','','','3','勝利','勝利','1','0','0','3','0',0,'重複を省く'),(1571,786,17,72,2,'','','1','','','1','勝利','勝利','1','0','0','3','0',0,'重複を省く'),(1573,787,215,17,2,'','','1','','','1','勝利','勝利','1','0','0','3','0',0,'重複を省く'),(1575,788,72,132,0,'','','0','','','0','引き分け','引き分け','0','0','1','1','0',0,'重複を省く'),(1577,789,72,215,1,'','','4','','','-3','敗北','敗北','0','1','0','0','0',0,'重複を省く'),(1579,790,132,17,2,'','','1','','','1','勝利','勝利','1','0','0','3','0',0,'重複を省く'),(1581,791,214,118,1,'','','3','','','-2','敗北','敗北','0','1','0','0','0',0,'重複を省く'),(1583,792,170,134,1,'','','2','','','-1','敗北','敗北','0','1','0','0','0',0,'重複を省く'),(1585,793,214,170,2,'','','1','','','1','勝利','勝利','1','0','0','3','0',0,'重複を省く'),(1587,794,134,118,0,'','','1','','','-1','敗北','敗北','0','1','0','0','0',0,'重複を省く'),(1589,795,134,214,0,'','','1','','','-1','敗北','敗北','0','1','0','0','0',0,'重複を省く'),(1591,796,118,170,0,'','','0','','','0','引き分け','引き分け','0','0','1','1','0',0,'重複を省く'),(1593,797,153,216,2,'','','1','','','1','勝利','勝利','1','0','0','3','0',0,'重複を省く'),(1595,798,131,117,3,'','','0','','','3','勝利','勝利','1','0','0','3','0',0,'重複を省く'),(1597,799,153,131,2,'','','5','','','-3','敗北','敗北','0','1','0','0','0',0,'重複を省く'),(1599,800,117,216,1,'','','2','','','-1','敗北','敗北','0','1','0','0','0',0,'重複を省く'),(1601,801,117,153,0,'','','3','','','-3','敗北','敗北','0','1','0','0','0',0,'重複を省く'),(1603,802,216,131,0,'','','0','','','0','引き分け','引き分け','0','0','1','1','0',0,'重複を省く'),(1605,803,210,162,2,'','','1','','','1','勝利','勝利','1','0','0','3','0',0,'重複を省く'),(1607,804,178,20,0,'','','0','','','0','引き分け','引き分け','0','0','1','1','0',0,'重複を省く'),(1609,805,210,178,1,'','','0','','','1','勝利','勝利','1','0','0','3','0',0,'重複を省く'),(1611,806,20,162,1,'','','0','','','1','勝利','勝利','1','0','0','3','0',0,'重複を省く'),(1613,807,20,210,2,'','','3','','','-1','敗北','敗北','0','1','0','0','0',0,'重複を省く'),(1615,808,162,178,3,'','','1','','','2','勝利','勝利','1','0','0','3','0',0,'重複を省く'),(1617,809,127,138,4,'','','0','','','4','勝利','勝利','1','0','0','3','0',0,'重複を省く'),(1619,810,18,191,1,'','','2','','','-1','敗北','敗北','0','1','0','0','0',0,'重複を省く'),(1621,811,127,18,2,'','','2','','','0','引き分け','引き分け','0','0','1','1','0',0,'重複を省く'),(1623,812,191,138,2,'','','2','','','0','引き分け','引き分け','0','0','1','1','0',0,'重複を省く'),(1625,813,191,127,0,'','','1','','','-1','敗北','敗北','0','1','0','0','0',0,'重複を省く'),(1627,814,138,18,2,'','','1','','','1','勝利','勝利','1','0','0','3','0',0,'重複を省く'),(1629,815,125,1,2,'','','1','','','1','勝利','勝利','1','0','0','3','0',0,'重複を省く'),(1631,816,156,74,1,'','','1','','','0','引き分け','引き分け','0','0','1','1','0',0,'重複を省く'),(1633,817,125,156,1,'','','0','','','1','勝利','勝利','1','0','0','3','0',0,'重複を省く'),(1635,818,74,1,2,'','','4','','','-2','敗北','敗北','0','1','0','0','0',0,'重複を省く'),(1637,819,74,125,0,'','','1','','','-1','敗北','敗北','0','1','0','0','0',0,'重複を省く'),(1639,820,1,156,1,'','','1','','','0','引き分け','引き分け','0','0','1','1','0',0,'重複を省く'),(1641,821,211,212,1,'0','3','1','0','2','0','勝利','引き分け','0','0','1','3','1',1,'重複を省く'),(1643,822,215,214,2,'','','0','','','2','勝利','勝利','1','0','0','3','0',0,'重複を省く'),(1645,823,137,190,2,'','','1','','','1','勝利','勝利','1','0','0','3','0',0,'重複を省く'),(1647,824,118,132,1,'0','5','1','0','3','0','勝利','引き分け','0','0','1','3','1',1,'重複を省く'),(1649,825,131,20,2,'','','0','','','2','勝利','勝利','1','0','0','3','0',0,'重複を省く'),(1651,826,127,1,0,'2','','0','1','','0','勝利','引き分け','0','0','1','3','1',0,'重複を省く'),(1653,827,210,153,0,'1','','0','0','','0','勝利','引き分け','0','0','1','3','1',0,'重複を省く'),(1655,828,125,191,0,'2','','0','1','','0','勝利','引き分け','0','0','1','3','1',0,'重複を省く'),(1657,829,211,215,2,'','','1','','','1','勝利','勝利','1','0','0','3','0',0,'重複を省く'),(1659,830,131,127,0,'','','1','','','-1','敗北','敗北','0','1','0','0','0',0,'重複を省く'),(1661,831,137,118,0,'0','4','0','0','3','0','勝利','引き分け','0','0','1','3','1',1,'重複を省く'),(1663,832,210,125,1,'','','0','','','1','勝利','勝利','1','0','0','3','0',0,'重複を省く'),(1665,833,211,127,1,'','','7','','','-6','敗北','敗北','0','1','0','0','0',0,'重複を省く'),(1667,834,137,210,0,'0','2','0','0','4','0','敗北','引き分け','0','0','1','0','1',1,'重複を省く'),(1669,835,211,137,0,'','','3','','','-3','敗北','敗北','0','1','0','0','0',0,'重複を省く'),(1671,836,127,210,0,'1','','0','0','','0','勝利','引き分け','0','0','1','3','1',0,'重複を省く');
/*!40000 ALTER TABLE `wc_result` ENABLE KEYS */;
UNLOCK TABLES;

--
-- Table structure for table `wc_round`
--

DROP TABLE IF EXISTS `wc_round`;
/*!40101 SET @saved_cs_client     = @@character_set_client */;
/*!40101 SET character_set_client = utf8 */;
CREATE TABLE `wc_round` (
  `id` int(11) NOT NULL,
  `tournament_id` int(11) NOT NULL,
  `name` varchar(32) NOT NULL,
  `ordering` int(11) NOT NULL,
  `knockout` int(11) NOT NULL,
  `start_date` date NOT NULL,
  `end_date` date NOT NULL,
  PRIMARY KEY (`id`),
  KEY `FK_wc_round_0` (`tournament_id`),
  CONSTRAINT `FK_wc_round_0` FOREIGN KEY (`tournament_id`) REFERENCES `wc_tournament` (`id`)
) ENGINE=InnoDB DEFAULT CHARSET=utf8mb4;
/*!40101 SET character_set_client = @saved_cs_client */;

--
-- Dumping data for table `wc_round`
--

LOCK TABLES `wc_round` WRITE;
/*!40000 ALTER TABLE `wc_round` DISABLE KEYS */;
INSERT INTO `wc_round` VALUES (1,1,'第1試合',101,2,'1930-07-13','1930-07-13'),(2,1,'第2試合',102,2,'1930-07-14','1930-07-14'),(3,1,'第3試合',103,2,'1930-07-15','1930-07-15'),(4,1,'第4試合',104,2,'1930-07-16','1930-07-16'),(5,1,'第5試合',105,2,'1930-07-17','1930-07-17'),(6,1,'第6試合',106,2,'1930-07-18','1930-07-18'),(7,1,'第7試合',107,2,'1930-07-19','1930-07-19'),(8,1,'第8試合',108,2,'1930-07-20','1930-07-20'),(9,1,'第9試合',109,2,'1930-07-21','1930-07-21'),(10,1,'第10試合',110,2,'1930-07-22','1930-07-22'),(11,1,'準決勝',2,1,'1930-07-26','1930-07-27'),(12,1,'決勝',1,1,'1930-07-30','1930-07-30'),(13,1,'1回戦（1934年、1938年）',201,2,'1934-05-27','1934-05-27'),(14,2,'準々決勝',3,1,'1934-05-31','1934-05-31'),(15,2,'準々決勝 再試合（1934年、1938年）',203,1,'1934-06-01','1934-06-01'),(16,2,'準決勝',2,1,'1934-06-03','1934-06-03'),(17,2,'3位決定戦',4,1,'1934-06-07','1934-06-07'),(18,2,'決勝',1,1,'1934-06-10','1934-06-10'),(19,3,'1回戦（1934年、1938年）',201,2,'1938-06-04','1938-06-05'),(20,3,'1回戦 再試合（1934年、1938年）',202,2,'1938-06-09','1938-06-09'),(21,3,'準々決勝',3,1,'1938-06-12','1938-06-12'),(22,3,'準々決勝 再試合（1934年、1938年）',203,1,'1938-06-14','1938-06-14'),(23,3,'準決勝',2,1,'1938-06-16','1938-06-16'),(24,3,'3位決定戦',4,1,'1938-06-19','1938-06-19'),(25,3,'決勝',1,1,'1938-06-19','1938-06-19'),(26,4,'第1試合',101,2,'1950-06-24','1950-06-24'),(27,4,'第2試合',102,2,'1950-06-25','1950-06-25'),(28,4,'第3試合',103,2,'1950-06-28','1950-06-28'),(29,4,'第5試合',105,2,'1950-07-01','1950-07-01'),(30,4,'第6試合',106,2,'1950-07-02','1950-07-02'),(31,4,'第4試合',104,2,'1950-06-29','1950-06-29'),(32,4,'決勝ラウンド（1950年）',204,1,'1950-07-09','1950-07-16'),(33,5,'第1試合',101,2,'1954-06-16','1954-06-16'),(34,5,'第3試合',103,2,'1954-06-19','1954-06-19'),(35,5,'第2試合',102,2,'1954-06-17','1954-06-17'),(36,5,'第4試合',104,2,'1954-06-20','1954-06-20'),(37,5,'グループ2 プレーオフ（1954年、1958年）',206,1,'1954-06-23','1954-06-23'),(38,5,'グループ4 プレーオフ（1954年、1958年）',208,1,'1954-06-23','1954-06-23'),(39,5,'準々決勝',3,1,'1954-06-26','1954-06-27'),(40,5,'準決勝',2,1,'1954-06-30','1954-06-30'),(41,5,'3位決定戦',4,1,'1954-07-03','1954-07-03'),(42,5,'決勝',1,1,'1954-07-04','1954-07-04'),(43,6,'第1試合',101,2,'1958-06-08','1958-06-08'),(44,6,'第2試合',102,2,'1958-06-11','1958-06-11'),(45,6,'第4試合',104,2,'1958-06-15','1958-06-15'),(46,6,'グループ1 プレーオフ（1954年、1958年）',205,1,'1958-06-17','1958-06-17'),(47,6,'第3試合',103,2,'1958-06-12','1958-06-12'),(48,6,'グループ3 プレーオフ（1954年、1958年）',207,1,'1958-06-17','1958-06-17'),(49,6,'グループ4 プレーオフ（1954年、1958年）',208,1,'1958-06-17','1958-06-17'),(50,6,'準々決勝',3,1,'1958-06-19','1958-06-19'),(51,6,'準決勝',2,1,'1958-06-24','1958-06-24'),(52,6,'3位決定戦',4,1,'1958-06-28','1958-06-28'),(53,6,'決勝',1,1,'1958-06-29','1958-06-29'),(54,7,'第1試合',101,2,'1962-05-30','1962-05-30'),(55,7,'第2試合',102,2,'1962-05-31','1962-05-31'),(56,7,'第3試合',103,2,'1962-06-02','1962-06-02'),(57,7,'第4試合',104,2,'1962-06-03','1962-06-03'),(58,7,'第5試合',105,2,'1962-06-06','1962-06-06'),(59,7,'第6試合',106,2,'1962-06-07','1962-06-07'),(60,7,'準々決勝',3,1,'1962-06-10','1962-06-10'),(61,7,'準決勝',2,1,'1962-06-13','1962-06-13'),(62,7,'3位決定戦',4,1,'1962-06-16','1962-06-16'),(63,7,'決勝',1,1,'1962-06-17','1962-06-17'),(64,8,'第1試合',101,2,'1966-07-11','1966-07-11'),(65,8,'第3試合',103,2,'1966-07-13','1966-07-13'),(66,8,'第4試合',104,2,'1966-07-15','1966-07-15'),(67,8,'第5試合',105,2,'1966-07-16','1966-07-16'),(68,8,'第6試合',106,2,'1966-07-19','1966-07-19'),(69,8,'第7試合',107,2,'1966-07-20','1966-07-20'),(70,8,'第2試合',102,2,'1966-07-12','1966-07-12'),(71,8,'準々決勝',3,1,'1966-07-23','1966-07-23'),(72,8,'準決勝',2,1,'1966-07-25','1966-07-26'),(73,8,'3位決定戦',4,1,'1966-07-28','1966-07-28'),(74,8,'決勝',1,1,'1966-07-30','1966-07-30'),(75,9,'第1試合',101,2,'1970-05-31','1970-05-31'),(76,9,'第3試合',103,2,'1970-06-03','1970-06-03'),(77,9,'第4試合',104,2,'1970-06-06','1970-06-06'),(78,9,'第5試合',105,2,'1970-06-07','1970-06-07'),(79,9,'第6試合',106,2,'1970-06-10','1970-06-10'),(80,9,'第7試合',107,2,'1970-06-11','1970-06-11'),(81,9,'第2試合',102,2,'1970-06-02','1970-06-02'),(82,9,'準々決勝',3,1,'1970-06-14','1970-06-14'),(83,9,'準決勝',2,1,'1970-06-17','1970-06-17'),(84,9,'3位決定戦',4,1,'1970-06-20','1970-06-20'),(85,9,'決勝',1,1,'1970-06-21','1970-06-21'),(86,10,'第2試合',102,2,'1974-06-14','1974-06-14'),(87,10,'第4試合',104,2,'1974-06-18','1974-06-18'),(88,10,'第6試合',106,2,'1974-06-22','1974-06-22'),(89,10,'第1試合',101,2,'1974-06-13','1974-06-13'),(90,10,'第3試合',103,2,'1974-06-15','1974-06-15'),(91,10,'第5試合',105,2,'1974-06-19','1974-06-19'),(92,10,'第7試合',107,2,'1974-06-23','1974-06-23'),(93,10,'第8試合',108,2,'1974-06-26','1974-06-26'),(94,10,'第9試合',109,2,'1974-06-30','1974-06-30'),(95,10,'第10試合',110,2,'1974-07-03','1974-07-03'),(96,10,'3位決定戦',4,1,'1974-07-06','1974-07-06'),(97,10,'決勝',1,1,'1974-07-07','1974-07-07'),(98,11,'第2試合',102,2,'1978-06-02','1978-06-02'),(99,11,'第4試合',104,2,'1978-06-06','1978-06-06'),(100,11,'第6試合',106,2,'1978-06-10','1978-06-10'),(101,11,'第1試合',101,2,'1978-06-01','1978-06-01'),(102,11,'第3試合',103,2,'1978-06-03','1978-06-03'),(103,11,'第5試合',105,2,'1978-06-07','1978-06-07'),(104,11,'第7試合',107,2,'1978-06-11','1978-06-11'),(105,11,'第8試合',108,2,'1978-06-14','1978-06-14'),(106,11,'第9試合',109,2,'1978-06-18','1978-06-18'),(107,11,'第10試合',110,2,'1978-06-21','1978-06-21'),(108,11,'3位決定戦',4,1,'1978-06-24','1978-06-24'),(109,11,'決勝',1,1,'1978-06-25','1978-06-25'),(110,12,'第2試合',102,2,'1982-06-14','1982-06-14'),(111,12,'第3試合',103,2,'1982-06-15','1982-06-15'),(112,12,'第6試合',106,2,'1982-06-18','1982-06-18'),(113,12,'第7試合',107,2,'1982-06-19','1982-06-19'),(114,12,'第10試合',110,2,'1982-06-22','1982-06-22'),(115,12,'第11試合',111,2,'1982-06-23','1982-06-23'),(116,12,'第4試合',104,2,'1982-06-16','1982-06-16'),(117,12,'第5試合',105,2,'1982-06-17','1982-06-17'),(118,12,'第8試合',108,2,'1982-06-20','1982-06-20'),(119,12,'第9試合',109,2,'1982-06-21','1982-06-21'),(120,12,'第12試合',112,2,'1982-06-24','1982-06-24'),(121,12,'第13試合',113,2,'1982-06-25','1982-06-25'),(122,12,'第1試合',101,2,'1982-06-13','1982-06-13'),(123,12,'第14試合',114,2,'1982-06-28','1982-06-28'),(124,12,'第16試合',116,2,'1982-07-01','1982-07-01'),(125,12,'第18試合',118,2,'1982-07-04','1982-07-04'),(126,12,'第15試合',115,2,'1982-06-29','1982-06-29'),(127,12,'第17試合',117,2,'1982-07-02','1982-07-02'),(128,12,'第19試合',119,2,'1982-07-05','1982-07-05'),(129,12,'準決勝',2,1,'1982-07-08','1982-07-08'),(130,12,'3位決定戦',4,1,'1982-07-10','1982-07-10'),(131,12,'決勝',1,1,'1982-07-11','1982-07-11'),(132,13,'第1試合',101,2,'1986-05-31','1986-05-31'),(133,13,'第3試合',103,2,'1986-06-02','1986-06-02'),(134,13,'第6試合',106,2,'1986-06-05','1986-06-05'),(135,13,'第11試合',111,2,'1986-06-10','1986-06-10'),(136,13,'第4試合',104,2,'1986-06-03','1986-06-03'),(137,13,'第5試合',105,2,'1986-06-04','1986-06-04'),(138,13,'第8試合',108,2,'1986-06-07','1986-06-07'),(139,13,'第9試合',109,2,'1986-06-08','1986-06-08'),(140,13,'第12試合',112,2,'1986-06-11','1986-06-11'),(141,13,'第2試合',102,2,'1986-06-01','1986-06-01'),(142,13,'第7試合',107,2,'1986-06-06','1986-06-06'),(143,13,'第10試合',110,2,'1986-06-09','1986-06-09'),(144,13,'第13試合',113,2,'1986-06-12','1986-06-12'),(145,13,'第14試合',114,2,'1986-06-13','1986-06-13'),(146,13,'ベスト16（決勝トーナメント1回戦）',5,1,'1986-06-15','1986-06-18'),(147,13,'準々決勝',3,1,'1986-06-21','1986-06-22'),(148,13,'準決勝',2,1,'1986-06-25','1986-06-25'),(149,13,'3位決定戦',4,1,'1986-06-28','1986-06-28'),(150,13,'決勝',1,1,'1986-06-29','1986-06-29'),(151,14,'第2試合',102,2,'1990-06-09','1990-06-09'),(152,14,'第3試合',103,2,'1990-06-10','1990-06-10'),(153,14,'第7試合',107,2,'1990-06-14','1990-06-14'),(154,14,'第8試合',108,2,'1990-06-15','1990-06-15'),(155,14,'第12試合',112,2,'1990-06-19','1990-06-19'),(156,14,'第1試合',101,2,'1990-06-08','1990-06-08'),(157,14,'第6試合',106,2,'1990-06-13','1990-06-13'),(158,14,'第11試合',111,2,'1990-06-18','1990-06-18'),(159,14,'第4試合',104,2,'1990-06-11','1990-06-11'),(160,14,'第9試合',109,2,'1990-06-16','1990-06-16'),(161,14,'第13試合',113,2,'1990-06-20','1990-06-20'),(162,14,'第5試合',105,2,'1990-06-12','1990-06-12'),(163,14,'第10試合',110,2,'1990-06-17','1990-06-17'),(164,14,'第14試合',114,2,'1990-06-21','1990-06-21'),(165,14,'ベスト16（決勝トーナメント1回戦）',5,1,'1990-06-23','1990-06-26'),(166,14,'準々決勝',3,1,'1990-06-30','1990-07-01'),(167,14,'準決勝',2,1,'1990-07-03','1990-07-04'),(168,14,'3位決定戦',4,1,'1990-07-07','1990-07-07'),(169,14,'決勝',1,1,'1990-07-08','1990-07-08'),(170,15,'第2試合',102,2,'1994-06-18','1994-06-18'),(171,15,'第6試合',106,2,'1994-06-22','1994-06-22'),(172,15,'第10試合',110,2,'1994-06-26','1994-06-26'),(173,15,'第3試合',103,2,'1994-06-19','1994-06-19'),(174,15,'第4試合',104,2,'1994-06-20','1994-06-20'),(175,15,'第8試合',108,2,'1994-06-24','1994-06-24'),(176,15,'第12試合',112,2,'1994-06-28','1994-06-28'),(177,15,'第1試合',101,2,'1994-06-17','1994-06-17'),(178,15,'第5試合',105,2,'1994-06-21','1994-06-21'),(179,15,'第7試合',107,2,'1994-06-23','1994-06-23'),(180,15,'第11試合',111,2,'1994-06-27','1994-06-27'),(181,15,'第9試合',109,2,'1994-06-25','1994-06-25'),(182,15,'第14試合',114,2,'1994-06-30','1994-06-30'),(183,15,'第13試合',113,2,'1994-06-29','1994-06-29'),(184,15,'ベスト16（決勝トーナメント1回戦）',5,1,'1994-07-02','1994-07-05'),(185,15,'準々決勝',3,1,'1994-07-09','1994-07-10'),(186,15,'準決勝',2,1,'1994-07-13','1994-07-13'),(187,15,'3位決定戦',4,1,'1994-07-16','1994-07-16'),(188,15,'決勝',1,1,'1994-07-17','1994-07-17'),(189,16,'第1試合',101,2,'1998-06-10','1998-06-10'),(190,16,'第7試合',107,2,'1998-06-16','1998-06-16'),(191,16,'第14試合',114,2,'1998-06-23','1998-06-23'),(192,16,'第2試合',102,2,'1998-06-11','1998-06-11'),(193,16,'第8試合',108,2,'1998-06-17','1998-06-17'),(194,16,'第3試合',103,2,'1998-06-12','1998-06-12'),(195,16,'第9試合',109,2,'1998-06-18','1998-06-18'),(196,16,'第15試合',115,2,'1998-06-24','1998-06-24'),(197,16,'第4試合',104,2,'1998-06-13','1998-06-13'),(198,16,'第10試合',110,2,'1998-06-19','1998-06-19'),(199,16,'第11試合',111,2,'1998-06-20','1998-06-20'),(200,16,'第16試合',116,2,'1998-06-25','1998-06-25'),(201,16,'第5試合',105,2,'1998-06-14','1998-06-14'),(202,16,'第6試合',106,2,'1998-06-15','1998-06-15'),(203,16,'第12試合',112,2,'1998-06-21','1998-06-21'),(204,16,'第13試合',113,2,'1998-06-22','1998-06-22'),(205,16,'第17試合',117,2,'1998-06-26','1998-06-26'),(206,16,'ベスト16（決勝トーナメント1回戦）',5,1,'1998-06-27','1998-06-30'),(207,16,'準々決勝',3,1,'1998-07-03','1998-07-04'),(208,16,'準決勝',2,1,'1998-07-07','1998-07-08'),(209,16,'3位決定戦',4,1,'1998-07-11','1998-07-11'),(210,16,'決勝',1,1,'1998-07-12','1998-07-12'),(211,17,'第1試合',101,2,'2002-05-31','2002-05-31'),(212,17,'第2試合',102,2,'2002-06-01','2002-06-01'),(213,17,'第7試合',107,2,'2002-06-06','2002-06-06'),(214,17,'第12試合',112,2,'2002-06-11','2002-06-11'),(215,17,'第3試合',103,2,'2002-06-02','2002-06-02'),(216,17,'第8試合',108,2,'2002-06-07','2002-06-07'),(217,17,'第9試合',109,2,'2002-06-08','2002-06-08'),(218,17,'第13試合',113,2,'2002-06-12','2002-06-12'),(219,17,'第4試合',104,2,'2002-06-03','2002-06-03'),(220,17,'第5試合',105,2,'2002-06-04','2002-06-04'),(221,17,'第10試合',110,2,'2002-06-09','2002-06-09'),(222,17,'第14試合',114,2,'2002-06-13','2002-06-13'),(223,17,'第6試合',106,2,'2002-06-05','2002-06-05'),(224,17,'第11試合',111,2,'2002-06-10','2002-06-10'),(225,17,'第15試合',115,2,'2002-06-14','2002-06-14'),(226,17,'ベスト16（決勝トーナメント1回戦）',5,1,'2002-06-15','2002-06-18'),(227,17,'準々決勝',3,1,'2002-06-21','2002-06-22'),(228,17,'準決勝',2,1,'2002-06-25','2002-06-26'),(229,17,'3位決定戦',4,1,'2002-06-29','2002-06-29'),(230,17,'決勝',1,1,'2002-06-30','2002-06-30'),(231,18,'第1試合',101,2,'2006-06-09','2006-06-09'),(232,18,'第2試合',102,2,'2006-06-10','2006-06-10'),(233,18,'第3試合',103,2,'2006-06-11','2006-06-11'),(234,18,'第4試合',104,2,'2006-06-12','2006-06-12'),(235,18,'第5試合',105,2,'2006-06-13','2006-06-13'),(236,18,'第6試合',106,2,'2006-06-14','2006-06-14'),(237,18,'第7試合',107,2,'2006-06-15','2006-06-15'),(238,18,'第8試合',108,2,'2006-06-16','2006-06-16'),(239,18,'第9試合',109,2,'2006-06-17','2006-06-17'),(240,18,'第10試合',110,2,'2006-06-18','2006-06-18'),(241,18,'第11試合',111,2,'2006-06-19','2006-06-19'),(242,18,'第12試合',112,2,'2006-06-20','2006-06-20'),(243,18,'第13試合',113,2,'2006-06-21','2006-06-21'),(244,18,'第14試合',114,2,'2006-06-22','2006-06-22'),(245,18,'第15試合',115,2,'2006-06-23','2006-06-23'),(246,18,'ベスト16（決勝トーナメント1回戦）',5,1,'2006-06-24','2006-06-27'),(247,18,'準々決勝',3,1,'2006-06-30','2006-07-01'),(248,18,'準決勝',2,1,'2006-07-04','2006-07-05'),(249,18,'3位決定戦',4,1,'2006-07-08','2006-07-08'),(250,18,'決勝',1,1,'2006-07-09','2006-07-09'),(251,19,'第1試合',101,2,'2010-06-11','2010-06-11'),(252,19,'第2試合',102,2,'2010-06-12','2010-06-12'),(253,19,'第3試合',103,2,'2010-06-13','2010-06-13'),(254,19,'第4試合',104,2,'2010-06-14','2010-06-14'),(255,19,'第5試合',105,2,'2010-06-15','2010-06-15'),(256,19,'第6試合',106,2,'2010-06-16','2010-06-16'),(257,19,'第7試合',107,2,'2010-06-17','2010-06-17'),(258,19,'第8試合',108,2,'2010-06-18','2010-06-18'),(259,19,'第9試合',109,2,'2010-06-19','2010-06-19'),(260,19,'第10試合',110,2,'2010-06-20','2010-06-20'),(261,19,'第11試合',111,2,'2010-06-21','2010-06-21'),(262,19,'第12試合',112,2,'2010-06-22','2010-06-22'),(263,19,'第13試合',113,2,'2010-06-23','2010-06-23'),(264,19,'第14試合',114,2,'2010-06-24','2010-06-24'),(265,19,'第15試合',115,2,'2010-06-25','2010-06-25'),(266,19,'ベスト16（決勝トーナメント1回戦）',5,1,'2010-06-26','2010-06-29'),(267,19,'準々決勝',3,1,'2010-07-02','2010-07-03'),(268,19,'準決勝',2,1,'2010-07-06','2010-07-07'),(269,19,'3位決定戦',4,1,'2010-07-10','2010-07-10'),(270,19,'決勝',1,1,'2010-07-11','2010-07-11'),(271,20,'第1試合',101,2,'2014-06-12','2014-06-12'),(272,20,'第2試合',102,2,'2014-06-13','2014-06-13'),(273,20,'第3試合',103,2,'2014-06-14','2014-06-14'),(274,20,'第4試合',104,2,'2014-06-15','2014-06-15'),(275,20,'第5試合',105,2,'2014-06-16','2014-06-16'),(276,20,'第6試合',106,2,'2014-06-17','2014-06-17'),(277,20,'第7試合',107,2,'2014-06-18','2014-06-18'),(278,20,'第8試合',108,2,'2014-06-19','2014-06-19'),(279,20,'第9試合',109,2,'2014-06-20','2014-06-20'),(280,20,'第10試合',110,2,'2014-06-21','2014-06-21'),(281,20,'第11試合',111,2,'2014-06-22','2014-06-22'),(282,20,'第12試合',112,2,'2014-06-23','2014-06-23'),(283,20,'第13試合',113,2,'2014-06-24','2014-06-24'),(284,20,'第14試合',114,2,'2014-06-25','2014-06-25'),(285,20,'第15試合',115,2,'2014-06-26','2014-06-26'),(286,20,'ベスト16（決勝トーナメント1回戦）',5,1,'2014-06-28','2014-07-01'),(287,20,'準々決勝',3,1,'2014-07-04','2014-07-05'),(288,20,'準決勝',2,1,'2014-07-08','2014-07-09'),(289,20,'3位決定戦',4,1,'2014-07-12','2014-07-12'),(290,20,'決勝',1,1,'2014-07-13','2014-07-13');
/*!40000 ALTER TABLE `wc_round` ENABLE KEYS */;
UNLOCK TABLES;

--
-- Table structure for table `wc_team`
--

DROP TABLE IF EXISTS `wc_team`;
/*!40101 SET @saved_cs_client     = @@character_set_client */;
/*!40101 SET character_set_client = utf8 */;
CREATE TABLE `wc_team` (
  `id` int(11) NOT NULL,
  `name` varchar(32) NOT NULL,
  `country` char(32) DEFAULT NULL,
  `country_now` char(32) DEFAULT NULL,
  `area` varchar(32) NOT NULL,
  `lat` float DEFAULT NULL,
  `lng` float DEFAULT NULL,
  PRIMARY KEY (`id`)
) ENGINE=InnoDB DEFAULT CHARSET=utf8mb4;
/*!40101 SET character_set_client = @saved_cs_client */;

--
-- Dumping data for table `wc_team`
--

LOCK TABLES `wc_team` WRITE;
/*!40000 ALTER TABLE `wc_team` DISABLE KEYS */;
INSERT INTO `wc_team` VALUES (1,'Algeria','アルジェリア','アルジェリア','アフリカ',28.0339,1.65963),(2,'Egypt','エジプト','エジプト','アフリカ',26.8206,30.8025),(3,'Morocco','モロッコ','モロッコ','アフリカ',31.7917,-7.09262),(5,'Tunisia','チュニジア','チュニジア','アフリカ',33.8869,9.5375),(13,'Senegal','セネガル','セネガル','アフリカ',14.4974,-14.4524),(17,'C?te d\'Ivoire','コートジボワール','コートジボワール','アフリカ',7.53999,-5.54708),(18,'Ghana','ガーナ','ガーナ','アフリカ',7.94653,-1.02319),(20,'Nigeria','ナイジェリア','ナイジェリア','アフリカ',9.082,8.67528),(21,'Togo','トーゴ','トーゴ','アフリカ',8.61954,0.824782),(22,'Cameroon','カメルーン','カメルーン','アフリカ',7.36972,12.3547),(42,'Angola','アンゴラ','アンゴラ','アフリカ',-11.2027,17.8739),(52,'South Africa','南アフリカ共和国','南アフリカ共和国','アフリカ',-30.5595,22.9375),(70,'China','中華人民共和国','中華人民共和国','アジア、オセアニア',35.8617,104.195),(72,'Japan','日本','日本','アジア、オセアニア',36.2048,138.253),(73,'North Korea','朝鮮民主主義人民共和国','朝鮮民主主義人民共和国','アジア、オセアニア',40.3399,127.51),(74,'South Korea','大韓民国','大韓民国','アジア、オセアニア',35.9078,127.767),(97,'Cuba','キューバ','キューバ','カリブ海',21.5218,-77.7812),(102,'Haiti','ハイチ','ハイチ','カリブ海',18.9712,-72.2852),(103,'Jamaica','ジャマイカ','ジャマイカ','カリブ海',18.1096,-77.2975),(109,'Trinidad and Tobago','トリニダード・トバゴ','トリニダード・トバゴ','カリブ海',10.6918,-61.2225),(117,'Honduras','ホンジュラス','ホンジュラス','中米',15.2,-86.2419),(118,'Costa Rica','コスタリカ','コスタリカ','中米',9.74892,-83.7534),(119,'El Salvador','エルサルバドル','エルサルバドル','中米',13.7942,-88.8965),(124,'Austria','オーストリア','オーストリア','ヨーロッパ',47.5162,14.5501),(125,'Belgium','ベルギー','ベルギー','ヨーロッパ',50.5039,4.46994),(127,'Germany','ドイツ','ドイツ','ヨーロッパ',51.1657,10.4515),(129,'Spain','スペイン','スペイン','ヨーロッパ',40.4637,-3.74922),(131,'France','フランス','フランス','ヨーロッパ',46.2276,2.21375),(132,'Greece','ギリシャ','ギリシャ','ヨーロッパ',39.0742,21.8243),(133,'Ireland','アイルランド','アイルランド','ヨーロッパ',53.1424,-7.69205),(134,'Italy','イタリア','イタリア','ヨーロッパ',41.8719,12.5674),(137,'Netherlands','オランダ','オランダ','ヨーロッパ',52.1326,5.29127),(138,'Portugal','ポルトガル','ポルトガル','ヨーロッパ',39.3999,-8.22445),(139,'Slovakia','スロバキア','スロバキア','ヨーロッパ',48.669,19.699),(140,'Slovenia','スロベニア','スロベニア','ヨーロッパ',46.1512,14.9955),(141,'Bulgaria','ブルガリア','ブルガリア','ヨーロッパ',42.7339,25.4858),(142,'Denmark','デンマーク','デンマーク','ヨーロッパ',56.2639,9.50179),(145,'Poland','ポーランド','ポーランド','ヨーロッパ',51.9194,19.1451),(146,'Romania','ルーマニア','ルーマニア','ヨーロッパ',45.9432,24.9668),(147,'Sweden','スウェーデン','スウェーデン','ヨーロッパ',60.1282,18.6435),(148,'Czech Republic','チェコ','チェコ','ヨーロッパ',49.8175,15.473),(149,'Hungary','ハンガリー','ハンガリー','ヨーロッパ',47.1625,19.5033),(153,'Switzerland','スイス','スイス','ヨーロッパ',46.8182,8.22751),(154,'Croatia','クロアチア','クロアチア','ヨーロッパ',45.1,15.2),(155,'Serbia','セルビア','セルビア','ヨーロッパ',44.0165,21.0059),(156,'Russia','ロシア連邦','ロシア連邦','ヨーロッパ',61.524,105.319),(157,'Turkey','トルコ','トルコ','ヨーロッパ',38.9637,35.2433),(158,'Ukraine','ウクライナ','ウクライナ','ヨーロッパ',48.3794,31.1656),(160,'Norway','ノルウェー','ノルウェー','ヨーロッパ',60.472,8.46895),(162,'Bosnia-Herzegovina','ボスニア・ヘルツェゴビナ','ボスニア・ヘルツェゴビナ','ヨーロ ッパ',43.9159,17.6791),(170,'England','イングランド','イングランド','ヨーロッパ',52.3555,-1.17432),(171,'Scotland','スコットランド','スコットランド','ヨーロッパ',56.4907,-4.20265),(172,'Wales','ウェールズ','ウェールズ','ヨーロッパ',52.1307,-3.78371),(173,'Northern Ireland','北アイルランド','北アイルランド','ヨーロッパ',54.7877,-6.49231),(176,'Israel','イスラエル','イスラエル','ヨーロッパ',31.0461,34.8516),(178,'Iran','イラン・イスラム共和国','イラン・イスラム共和国','中東',32.4279,53.688),(179,'Iraq','イラク','イラク','中東',33.2232,43.6793),(181,'Kuwait','クウェート','クウェート','中東',29.3117,47.4818),(186,'Saudi Arabia','サウジアラビア','サウジアラビア','中東',23.8859,45.0792),(188,'United Arab Emirates','UAE','UAE','中東',23.4241,53.8478),(190,'Mexico','メキシコ','メキシコ','北米',23.6345,-102.553),(191,'United States','アメリカ合衆国','アメリカ合衆国','北米',37.0902,-95.7129),(192,'Canada','カナダ','カナダ','北米',56.1304,-106.347),(193,'Australia','オーストラリア','オーストラリア','アジア、オセアニア',-25.2744,133.775),(200,'New Zealand','ニュージーランド','ニュージーランド','太平洋',-40.9006,174.886),(210,'Argentina','アルゼンチン','アルゼンチン','南米',-38.4161,-63.6167),(211,'Brazil','ブラジル','ブラジル','南米',-14.235,-51.9253),(212,'Chile','チリ','チリ','南米',-35.6751,-71.543),(213,'Paraguay','パラグアイ','パラグアイ','南米',-23.4425,-58.4438),(214,'Uruguay','ウルグアイ','ウルグアイ','南米',-32.5228,-55.7658),(215,'Colombia','コロンビア','コロンビア','南米',4.57087,-74.2973),(216,'Ecuador','エクアドル','エクアドル','南米',-1.83124,-78.1834),(217,'Peru','ペルー','ペルー','南米',-9.18997,-75.0152),(219,'Bolivia','ボリビア多民族国','ボリビア多民族国','南米',-16.2902,-63.5887),(223,'Czechoslovakia','チェコスロバキア','チェコ','ヨーロッパ',39.7784,-84.1646),(224,'West Germany','西ドイツ','ドイツ','ヨーロッパ',51.1657,10.4515),(225,'East Germany','東ドイツ','ドイツ','ヨーロッパ',51.1657,10.4515),(226,'Soviet Union','ソビエト連邦','ロシア連邦','ヨーロッパ',42.8916,-112.454),(227,'Yugoslavia','ユーゴスラビア','セルビア','ヨーロッパ',32.6365,-115.523),(228,'Dutch East Indies (-1945)','オランダ領東インド','インドネシア','アジア、オセアニア',-6.59715,106.806),(229,'Zaire','ザイール','コンゴ民主共和国','アフリカ',36.0784,-86.6456);
/*!40000 ALTER TABLE `wc_team` ENABLE KEYS */;
UNLOCK TABLES;

--
-- Table structure for table `wc_tournament`
--

DROP TABLE IF EXISTS `wc_tournament`;
/*!40101 SET @saved_cs_client     = @@character_set_client */;
/*!40101 SET character_set_client = utf8 */;
CREATE TABLE `wc_tournament` (
  `id` int(11) NOT NULL,
  `name` varchar(32) NOT NULL,
  `start_date` date NOT NULL,
  `year` varchar(10) NOT NULL,
  `country` varchar(32) NOT NULL,
  PRIMARY KEY (`id`)
) ENGINE=InnoDB DEFAULT CHARSET=utf8mb4;
/*!40101 SET character_set_client = @saved_cs_client */;

--
-- Dumping data for table `wc_tournament`
--

LOCK TABLES `wc_tournament` WRITE;
/*!40000 ALTER TABLE `wc_tournament` DISABLE KEYS */;
INSERT INTO `wc_tournament` VALUES (1,'1930年 ウルグアイ','1930-07-13','1930年','ウルグアイ'),(2,'1934年 イタリア王国','1934-05-27','1934年','イタリア王国'),(3,'1938年 フランス','1938-06-04','1938年','フランス'),(4,'1950年 ブラジル','1950-06-24','1950年','ブラジル'),(5,'1954年 スイス','1954-06-16','1954年','スイス'),(6,'1958年 スウェーデン','1958-06-08','1958年','スウェーデン'),(7,'1962年 チリ','1962-05-30','1962年','チリ'),(8,'1966年 イングランド','1966-07-11','1966年','イングランド'),(9,'1970年 メキシコ','1970-05-31','1970年','メキシコ'),(10,'1974年 西ドイツ','1974-06-13','1974年','西ドイツ'),(11,'1978年 アルゼンチン','1978-05-01','1978年','アルゼンチン'),(12,'1982年 スペイン','1982-06-13','1982年','スペイン'),(13,'1986年 メキシコ','1986-05-31','1986年','メキシコ'),(14,'1990年 イタリア','1990-06-08','1990年','イタリア'),(15,'1994年 アメリカ合衆国','1994-06-17','1994年','アメリカ合衆国'),(16,'1998年 フランス','1998-06-10','1998年','フランス'),(17,'2002年 韓国 / 日本','2002-05-31','2002年','韓国 / 日本'),(18,'2006年 ドイツ','2006-06-09','2006年','ドイツ'),(19,'2010年 南アフリカ共和国','2010-06-11','2010年','南アフリカ共和国'),(20,'2014年 ブラジル','2014-06-12','2014年','ブラジル');
/*!40000 ALTER TABLE `wc_tournament` ENABLE KEYS */;
UNLOCK TABLES;

--
-- Final view structure for view `wc_match_view`
--

/*!50001 DROP TABLE IF EXISTS `wc_match_view`*/;
/*!50001 DROP VIEW IF EXISTS `wc_match_view`*/;
/*!50001 SET @saved_cs_client          = @@character_set_client */;
/*!50001 SET @saved_cs_results         = @@character_set_results */;
/*!50001 SET @saved_col_connection     = @@collation_connection */;
/*!50001 SET character_set_client      = utf8mb4 */;
/*!50001 SET character_set_results     = utf8mb4 */;
/*!50001 SET collation_connection      = utf8mb4_general_ci */;
/*!50001 CREATE ALGORITHM=UNDEFINED */
/*!50001 VIEW `wc_match_view` AS select `t`.`id` AS `tournament_id`,`r`.`id` AS `round_id`,`g`.`id` AS `group_id`,`t0`.`id` AS `team_id0`,`t1`.`id` AS `team_id1`,`t`.`name` AS `tournament_name`,`r`.`name` AS `round_name`,`g`.`name` AS `group_name`,`t0`.`name` AS `team_name0`,`t1`.`name` AS `team_name1`,`rs`.`outcome` AS `outcome` from ((((((`wc_tournament` `t` join `wc_round` `r` on((`t`.`id` = `r`.`tournament_id`))) join `wc_match` `m` on((`r`.`id` = `m`.`round_id`))) join `wc_group` `g` on((`g`.`id` = `m`.`group_id`))) join `wc_result` `rs` on((`m`.`id` = `rs`.`match_id`))) join `wc_team` `t0` on((`t0`.`id` = `rs`.`team_id0`))) join `wc_team` `t1` on((`t1`.`id` = `rs`.`team_id1`))) order by `t`.`year`,`r`.`ordering`,`m`.`ordering` */;
/*!50001 SET character_set_client      = @saved_cs_client */;
/*!50001 SET character_set_results     = @saved_cs_results */;
/*!50001 SET collation_connection      = @saved_col_connection */;
/*!40103 SET TIME_ZONE=@OLD_TIME_ZONE */;

/*!40101 SET SQL_MODE=@OLD_SQL_MODE */;
/*!40014 SET FOREIGN_KEY_CHECKS=@OLD_FOREIGN_KEY_CHECKS */;
/*!40014 SET UNIQUE_CHECKS=@OLD_UNIQUE_CHECKS */;
/*!40101 SET CHARACTER_SET_CLIENT=@OLD_CHARACTER_SET_CLIENT */;
/*!40101 SET CHARACTER_SET_RESULTS=@OLD_CHARACTER_SET_RESULTS */;
/*!40101 SET COLLATION_CONNECTION=@OLD_COLLATION_CONNECTION */;
/*!40111 SET SQL_NOTES=@OLD_SQL_NOTES */;

-- Dump completed on 2020-04-02 23:51:57
